Workbook

Sheet Readme
D2: Performance Ranking by Index of Deviation of Reference Limits (PRIDe-RL)
D3: Readme — how to use the tool and navigate the worksheets
B5: Tool information and attribution
B6: Tool | F6: Performance Ranking by Index of Deviation of Reference Limits (PRIDe-RL)
B7: Version | F7: 1.0.0
B8: Release date | F8: 13 Feb 2025
B9: Author | F9: Alan Carvalho Dias
B10: ORCID | F10: https://orcid.org/0000-0002-7159-4593
B11: Corresponding e-mail | F11: alancdias@hotmail.com
B12: Website | F12: https://grupolabr.com
B13: Repository / DOI | F13: https://github.com/labrgrupo/Supplementary_Material_CCA_LabRI
B14: System requirements | F14: Microsoft Excel 365 or Excel 2021 (or later). The worksheet uses dynamic array functions (LET, SORT, SEQUENCE, TEXTJOIN, UNICHAR) that are unavailable in Excel 2016/2019 and may not behave identically in LibreOffice Calc.
B16: 1. What this tool does
B17: PRIDe-RL (Performance Ranking by Index of Deviation of Reference Limits) compares indirect methods for estimating reference limits — TML, refineR, TMC, reflimR and LabRI — against a comparative reference interval. For each analyte, every estimated lower (LRL) and upper (URL) reference limit is expressed as a deviation in units of the permissible difference (pD). These deviations are combined into four performance dimensions and a single PRIDe-RL score (0 to 1, higher is better), which is used to rank the methods.
B19: 2. Quick start — step by step
B20: Step 1 — Open 'Input Group 1' (real-world datasets) and/or 'Input Group 2' (simulated test cases). Both worksheets have the same structure.
B21: Step 2 — In cell G5, select the nominal coverage probability (0.90 or 0.80) from the drop-down list. The significance level (α), the quantile order and the standard normal critical value z (G6:G8) update automatically.
B22: Step 3 — From row 12 onwards, enter one analyte (or test case) per row: Test (B), Unit (C), sample size n (D), number of decimal places (E) and the comparative reference limits LRL and URL (F:G).
B23: Step 4 — Enter the LRL and URL estimated by each method: TML (V:W), refineR (Z:AA), TMC (AD:AE), reflimR (AH:AI) and LabRI (AL:AM).
B24: Step 5 — Columns H:T are calculated automatically (CVE, pCVA, median, pSDA, slope, intercept, pD and equivalence interval EI for each limit). The 1/0 columns next to each method indicate whether the estimate lies within the EI (1 = yes, 0 = no).
B25: Step 6 — Review the 'Heatmap' worksheet for a visual overview of the deviations, then the 'PRIDE-RL ranking' worksheet for the final scores and ranks.
B26: Tip — Leave unused cells empty (do not type 0). If the LRL is unknown or 0, the tool sets it at 15% of the URL for the CVE calculation. Abbreviations are explained below each input table.
B28: 3. Colour code
B29: Light blue cells | E29: User inputs — type or paste your data here.
B30: Light yellow cells | E30: Calculated automatically — do not overwrite (formulas).
B31: Heatmap: green / yellow | E31: Deviation within the equivalence interval (|d| ≤ 1 pD); yellow = close to its edge.
B32: Heatmap: orange / red | E32: Deviation outside the equivalence interval (|d| > 1 pD).
B34: 4. Worksheet guide — what each tab does (click a tab name to open it)
B35: Worksheet | E35: What it does | K35: What you do there
B36: Readme | E36: This guide: purpose of the tool, step-by-step instructions, colour code, worksheet guide and interpretation of the results. | K36: Read first.
B37: Input Group 1 | E37: Data entry and calculations for real-world datasets (12 analytes: AMY, Ca, LDH, TSH, FT4, ALT, GGT, RBC, Hb, WBC, LYM, PLT; rows 12–23). Derives CVE, pCVA, pSDA and the permissible difference (pD) for each reference limit, builds the equivalence interval (EI = RL ± pD), flags whether each method's estimate falls within the EI, and shows a preliminary ranking by % of limits within the EI (columns AQ:AV). | K37: Choose the coverage probability (G5) and enter/edit the light blue input cells: analyte data, comparative reference limits and each method's estimates.
B38: Input Group 2 | E38: Same structure and calculations as Input Group 1, applied to simulated test cases (15 rows: test cases evaluated at different sample sizes; rows 12–26). | K38: Same as Input Group 1.
B39: Heatmap | E39: Deviation of every method for every reference limit in pD units: d = (estimate − comparative RL) / pD. One row per limit (LRL and URL); rows 6–29 = Group 1, rows 30–59 = Group 2. Colours give a visual gestalt of method performance (|d| ≤ 1 = within the EI). Includes a legend at the bottom. | K39: Read only — fed automatically by the input worksheets.
B40: PRIDE-RL ranking | E40: Calculates the four performance dimensions (d1 Conformity, d2 Proximity, d3 Tail behaviour, d4 Severity), the PRIDe-RL score and the rank of each method for Group 1 (rows 5–12), Group 2 (rows 14–21) and globally, Group 1 + Group 2 (rows 23–30). 'Ord (tie-break)' gives a unique order when scores tie. | K40: Read only — check the Rank column (1 = best) and the PRIDE-RL score.
B41: PRIDe-RL scoring framework | E41: Illustrated explanation (figures) of the scoring framework and of each of the four dimensions d1–d4. | K41: Read to understand how the score is built.
B42: References | E42: Bibliography supporting the method (with links) and tool information: version, release date, author, ORCID, contact, repository/DOI and system requirements. | K42: Consult and cite.
B44: 5. How the PRIDe-RL score is calculated
B45: Deviation of each limit: d = (method estimate − comparative RL) / pD, where pD = z × pSDA at that limit (z depends on the coverage probability chosen in G5).
B46: d1 — Conformity = proportion of reference limits with |d| ≤ 1 (estimate within the equivalence interval).
B47: d2 — Proximity = 1 / (1 + mean |d|): rewards estimates that are close to the comparative limit.
B48: d3 — Tail behaviour = 1 / (1 + max(0, P90(|d|) − 1)): penalises methods whose 10% largest deviations exceed the EI.
B49: d4 — Severity = 1 / (1 + 5 × n(|d| > 2) / N): penalises severe deviations (more than twice the permissible difference).
B50: PRIDe-RL score = (n_conf + (d2 × d3 × d4)^(1/3)) / (N + 1), where n_conf is the number of limits with |d| ≤ 1 and N the number of limits evaluated. Conformity is decisive: because n_conf is an integer and the geometric mean of d2–d4 lies between 0 and 1, the other dimensions can never outweigh one additional conforming limit — they only break ties between methods with the same number of conforming limits. The score ranges from 0 to 1 (1 = all limits conforming and d2 = d3 = d4 = 1).
B52: 6. Interpreting the results
B53: |d| ≤ 1: estimate equivalent to the comparative reference limit. 1 < |d| ≤ 2: outside the EI (moderate deviation). |d| > 2: severe deviation.
B54: Rank 1 is the best-performing method. Compare the Group 1, Group 2 and Global tables to check whether the ranking is consistent between real-world and simulated data.
B55: Use the Heatmap to identify which analytes or limits (LRL vs URL) drive a method's lower score.
B57: 7. Navigation tips and requirements
... B60: Requirements: Microsoft Excel 365 or Excel 2021 (or later). The workbook uses dynamic array functions (LET, SORT, SEQUENCE, TEXTJOIN, UNICHAR) that are not available in Excel 2016/2019 and may not behave identically in LibreOffice Calc.

Sheet Input Group 1
D2: Performance Ranking by Index of Deviation of Reference Limits (PRIDe-RL)
D3: A multidimensional framework for comparative evaluation and ranking of reference-limit estimation methods
B5: Nominal coverage probability (or confidence level) | G5: 0.9 | P5: 0.8
B6: Significance level (α) | G6: =1-IF(G5="",0.9,G5) -> 0.1 | P6: 0.9
B7: ="Cumulative probability (quantile order, "&IF(G5="","1 − α/2",SUBSTITUTE(ROUND(1-(1-G5)/2,4)&"",",","."))&")" -> Cumulative probability (quantile order, 0.95) | G7: =1-G6/2 -> 0.95 | H7: Interpretation of the standard normal quantile
B8: {="Standard normal quantile (critical value, z"&IF(G5="","₁₋α/₂",_xlfn.LET(_xlpm.p,ROUND(1-(1-G5)/2,4),_xlpm.d,SUBSTITUTE(_xlpm.p&"",",","."),_xlfn.TEXTJOIN("",1,IFERROR(_xlfn.UNICHAR(8320+MID(_xlpm.d,_xlfn.SEQUENCE(LEN(_xlpm.d)),1)),"."))))&")"} -> Standard normal quantile (critical value, z₀.₉₅) | G8: =_xlfn.NORM.S.INV(G7) -> 1.6448536 | H8: {=_xlfn.LET(_xlpm.cl,IF(G5="",0.9,G5),_xlpm.p,ROUND(1-(1-_xlpm.cl)/2,4),_xlpm.d,SUBSTITUTE(_xlpm.p&"",",","."),_xlpm.sub,_xlfn.TEXTJOIN("",1,IFERROR(_xlfn.UNICHAR(8320+MID(_xlpm.d,_xlfn.SEQUENCE(LEN(_xlpm.d)),1)),".")),"where z"&_xlpm.sub&" = "&SUBSTITUTE(FIXED(_xlfn.NORM.S.INV(_xlpm.p),4,TRUE)&"",",",".")&" is the standard normal quantile corresponding to a two-sided nominal coverage probability of "&SUBSTITUTE(ROUND(_xlpm.cl*100,2)&"",",",".")&"%.")} -> where z₀.₉₅ = 1.6449 is the standard normal quantile corresponding to a two-sided nominal coverage probability of 90%.
B10: Test | C10: Unit | D10: n | E10: Decimal places | F10: Comparative Reference | H10: CVE | I10: pCVA | J10: Med | K10: pSDA,Med | L10: Slope | M10: Intercept | N10: pSDA,LRL | O10: pDLRL | P10: EILRL | R10: pSDA,URL | S10: pDURL | T10: EIURL | V10: TML | X10: TML LRL within EILRL | Y10: TML URL within EIURL | Z10: refineR | AB10: refineR LRL within EILRL | AC10: refineR URL within EIURL | AD10: TMC | AF10: TMC LRL within EILRL | AG10: TMC URL within EIURL | AH10: reflimR | AJ10: reflimR LRL within EILRL | AK10: reflimR URL within EIURL | AL10: LabRI | AN10: LabRI LRL within EILRL | AO10: LabRI URL within EIURL
F11: LRL | G11: URL | V11: LRL | W11: URL | X11: 1 = yes / 0 = no | Y11: 1 = yes / 0 = no | Z11: LRL | AA11: URL | AB11: 1 = yes / 0 = no | AC11: 1 = yes / 0 = no | AD11: LRL | AE11: URL | AF11: 1 = yes / 0 = no | AG11: 1 = yes / 0 = no | AH11: LRL | AI11: URL | AJ11: 1 = yes / 0 = no | AK11: 1 = yes / 0 = no | AL11: LRL | AM11: URL | AN11: 1 = yes / 0 = no | AO11: 1 = yes / 0 = no
B12: AMY | C12: U/L | D12: 533 | E12: 0 | F12: 47 | G12: 164 | H12: =IFERROR(SQRT(EXP(((LN(G12)-LN(IF(OR(F12="",F12=0),IF(G12="","",0.15*G12),F12)))/3.92)^2)-1),"") -> 0.32708062 | I12: =IFERROR(((SQRT(H12*100-0.25))/100),"") -> 0.056971978 | J12: =IFERROR(EXP((IF(OR(F12="",F12=0),LN(G12*0.15),LN(F12))+LN(G12))/2),"") -> 87.795216 | K12: =IFERROR(I12*J12,"") -> 5.0018671 | L12: =IFERROR((K12-0.2*K12)/J12,"") -> 0.045577582 | M12: =IFERROR(0.2*K12,"") -> 1.0003734 | N12: =IFERROR(IF(F12="","",F12*L12+M12),"") -> 3.1425198 | O12: =IFERROR($G$8*N12,"") -> 5.168985 | P12: =IFERROR(CONCATENATE(ROUND(F12-O12,IF(E12="",3,E12))," to ",ROUND(F12+O12,IF(E12="",3,E12))),"") -> 42 to 52 | R12: =IFERROR(IF(G12="","",G12*L12+M12),"") -> 8.4750969 | S12: =IFERROR($G$8*R12,"") -> 13.940294 | T12: =IFERROR(CONCATENATE(ROUND(G12-S12,IF(E12="",3,E12))," to ",ROUND(G12+S12,IF(E12="",3,E12))),"") -> 150 to 178 | V12: 29.5 | W12: 151 | X12: =IF(OR($F12="",$V12=""),"",IF(AND(ROUND($V12,IF($E12="",3,$E12))>=ROUND($F12-$O12,IF($E12="",3,$E12)),ROUND($V12,IF($E12="",3,$E12))<=ROUND($F12+$O12,IF($E12="",3,$E12))),1,0)) -> 0 | Y12: =IF(OR($G12="",$W12=""),"",IF(AND(ROUND($W12,IF($E12="",3,$E12))>=ROUND($G12-$S12,IF($E12="",3,$E12)),ROUND($W12,IF($E12="",3,$E12))<=ROUND($G12+$S12,IF($E12="",3,$E12))),1,0)) -> 1 | Z12: 37.8 | AA12: 143 | AB12: =IF(OR($F12="",$Z12=""),"",IF(AND(ROUND($Z12,IF($E12="",3,$E12))>=ROUND($F12-$O12,IF($E12="",3,$E12)),ROUND($Z12,IF($E12="",3,$E12))<=ROUND($F12+$O12,IF($E12="",3,$E12))),1,0)) -> 0 | AC12: =IF(OR($G12="",$AA12=""),"",IF(AND(ROUND($AA12,IF($E12="",3,$E12))>=ROUND($G12-$S12,IF($E12="",3,$E12)),ROUND($AA12,IF($E12="",3,$E12))<=ROUND($G12+$S12,IF($E12="",3,$E12))),1,0)) -> 0 | AD12: 47.4 | AE12: 147 | AF12: =IF(OR($F12="",$AD12=""),"",IF(AND(ROUND($AD12,IF($E12="",3,$E12))>=ROUND($F12-$O12,IF($E12="",3,$E12)),ROUND($AD12,IF($E12="",3,$E12))<=ROUND($F12+$O12,IF($E12="",3,$E12))),1,0)) -> 1 | AG12: =IF(OR($G12="",$AE12=""),"",IF(AND(ROUND($AE12,IF($E12="",3,$E12))>=ROUND($G12-$S12,IF($E12="",3,$E12)),ROUND($AE12,IF($E12="",3,$E12))<=ROUND($G12+$S12,IF($E12="",3,$E12))),1,0)) -> 0 | AH12: 45.3 | AI12: 160.2 | AJ12: =IF(OR($F12="",$AH12=""),"",IF(AND(ROUND($AH12,IF($E12="",3,$E12))>=ROUND($F12-$O12,IF($E12="",3,$E12)),ROUND($AH12,IF($E12="",3,$E12))<=ROUND($F12+$O12,IF($E12="",3,$E12))),1,0)) -> 1 | AK12: =IF(OR($G12="",$AI12=""),"",IF(AND(ROUND($AI12,IF($E12="",3,$E12))>=ROUND($G12-$S12,IF($E12="",3,$E12)),ROUND($AI12,IF($E12="",3,$E12))<=ROUND($G12+$S12,IF($E12="",3,$E12))),1,0)) -> 1 | AL12: 45 | AM12: 165 | AN12: =IF(OR($F12="",$AL12=""),"",IF(AND(ROUND($AL12,IF($E12="",3,$E12))>=ROUND($F12-$O12,IF($E12="",3,$E12)),ROUND($AL12,IF($E12="",3,$E12))<=ROUND($F12+$O12,IF($E12="",3,$E12))),1,0)) -> 1 | AO12: =IF(OR($G12="",$AM12=""),"",IF(AND(ROUND($AM12,IF($E12="",3,$E12))>=ROUND($G12-$S12,IF($E12="",3,$E12)),ROUND($AM12,IF($E12="",3,$E12))<=ROUND($G12+$S12,IF($E12="",3,$E12))),1,0)) -> 1
B13: Ca | C13: mmol/L | D13: 533 | E13: 2 | F13: 2.19 | G13: 2.57 | H13: =IFERROR(SQRT(EXP(((LN(G13)-LN(IF(OR(F13="",F13=0),IF(G13="","",0.15*G13),F13)))/3.92)^2)-1),"") -> 0.040834445 | I13: =IFERROR(((SQRT(H13*100-0.25))/100),"") -> 0.019579184 | J13: =IFERROR(EXP((IF(OR(F13="",F13=0),LN(G13*0.15),LN(F13))+LN(G13))/2),"") -> 2.3724038 | K13: =IFERROR(I13*J13,"") -> 0.046449731 | L13: =IFERROR((K13-0.2*K13)/J13,"") -> 0.015663347 | M13: =IFERROR(0.2*K13,"") -> 0.0092899463 | N13: =IFERROR(IF(F13="","",F13*L13+M13),"") -> 0.043592677 | O13: =IFERROR($G$8*N13,"") -> 0.071703572 | P13: =IFERROR(CONCATENATE(ROUND(F13-O13,IF(E13="",3,E13))," to ",ROUND(F13+O13,IF(E13="",3,E13))),"") -> 2,12 to 2,26 | R13: =IFERROR(IF(G13="","",G13*L13+M13),"") -> 0.049544749 | S13: =IFERROR($G$8*R13,"") -> 0.081493859 | T13: =IFERROR(CONCATENATE(ROUND(G13-S13,IF(E13="",3,E13))," to ",ROUND(G13+S13,IF(E13="",3,E13))),"") -> 2,49 to 2,65 | V13: 2.19 | W13: 2.55 | X13: =IF(OR($F13="",$V13=""),"",IF(AND(ROUND($V13,IF($E13="",3,$E13))>=ROUND($F13-$O13,IF($E13="",3,$E13)),ROUND($V13,IF($E13="",3,$E13))<=ROUND($F13+$O13,IF($E13="",3,$E13))),1,0)) -> 1 | Y13: =IF(OR($G13="",$W13=""),"",IF(AND(ROUND($W13,IF($E13="",3,$E13))>=ROUND($G13-$S13,IF($E13="",3,$E13)),ROUND($W13,IF($E13="",3,$E13))<=ROUND($G13+$S13,IF($E13="",3,$E13))),1,0)) -> 1 | Z13: 2.21 | AA13: 2.51 | AB13: =IF(OR($F13="",$Z13=""),"",IF(AND(ROUND($Z13,IF($E13="",3,$E13))>=ROUND($F13-$O13,IF($E13="",3,$E13)),ROUND($Z13,IF($E13="",3,$E13))<=ROUND($F13+$O13,IF($E13="",3,$E13))),1,0)) -> 1 | AC13: =IF(OR($G13="",$AA13=""),"",IF(AND(ROUND($AA13,IF($E13="",3,$E13))>=ROUND($G13-$S13,IF($E13="",3,$E13)),ROUND($AA13,IF($E13="",3,$E13))<=ROUND($G13+$S13,IF($E13="",3,$E13))),1,0)) -> 1 | AD13: 2.19 | AE13: 2.55 | AF13: =IF(OR($F13="",$AD13=""),"",IF(AND(ROUND($AD13,IF($E13="",3,$E13))>=ROUND($F13-$O13,IF($E13="",3,$E13)),ROUND($AD13,IF($E13="",3,$E13))<=ROUND($F13+$O13,IF($E13="",3,$E13))),1,0)) -> 1 | AG13: =IF(OR($G13="",$AE13=""),"",IF(AND(ROUND($AE13,IF($E13="",3,$E13))>=ROUND($G13-$S13,IF($E13="",3,$E13)),ROUND($AE13,IF($E13="",3,$E13))<=ROUND($G13+$S13,IF($E13="",3,$E13))),1,0)) -> 1 | AH13: 2.19 | AI13: 2.54 | AJ13: =IF(OR($F13="",$AH13=""),"",IF(AND(ROUND($AH13,IF($E13="",3,$E13))>=ROUND($F13-$O13,IF($E13="",3,$E13)),ROUND($AH13,IF($E13="",3,$E13))<=ROUND($F13+$O13,IF($E13="",3,$E13))),1,0)) -> 1 | AK13: =IF(OR($G13="",$AI13=""),"",IF(AND(ROUND($AI13,IF($E13="",3,$E13))>=ROUND($G13-$S13,IF($E13="",3,$E13)),ROUND($AI13,IF($E13="",3,$E13))<=ROUND($G13+$S13,IF($E13="",3,$E13))),1,0)) -> 1 | AL13: 2.19 | AM13: 2.55 | AN13: =IF(OR($F13="",$AL13=""),"",IF(AND(ROUND($AL13,IF($E13="",3,$E13))>=ROUND($F13-$O13,IF($E13="",3,$E13)),ROUND($AL13,IF($E13="",3,$E13))<=ROUND($F13+$O13,IF($E13="",3,$E13))),1,0)) -> 1 | AO13: =IF(OR($G13="",$AM13=""),"",IF(AND(ROUND($AM13,IF($E13="",3,$E13))>=ROUND($G13-$S13,IF($E13="",3,$E13)),ROUND($AM13,IF($E13="",3,$E13))<=ROUND($G13+$S13,IF($E13="",3,$E13))),1,0)) -> 1
B14: LDH | C14: IU/L | D14: 533 | E14: 0 | F14: 138 | G14: 257 | H14: =IFERROR(SQRT(EXP(((LN(G14)-LN(IF(OR(F14="",F14=0),IF(G14="","",0.15*G14),F14)))/3.92)^2)-1),"") -> 0.1596313 | I14: =IFERROR(((SQRT(H14*100-0.25))/100),"") -> 0.039639791 | J14: =IFERROR(EXP((IF(OR(F14="",F14=0),LN(G14*0.15),LN(F14))+LN(G14))/2),"") -> 188.32419 | K14: =IFERROR(I14*J14,"") -> 7.4651314 | L14: =IFERROR((K14-0.2*K14)/J14,"") -> 0.031711833 | M14: =IFERROR(0.2*K14,"") -> 1.4930263 | N14: =IFERROR(IF(F14="","",F14*L14+M14),"") -> 5.8692592 | O14: =IFERROR($G$8*N14,"") -> 9.6540722 | P14: =IFERROR(CONCATENATE(ROUND(F14-O14,IF(E14="",3,E14))," to ",ROUND(F14+O14,IF(E14="",3,E14))),"") -> 128 to 148 | R14: =IFERROR(IF(G14="","",G14*L14+M14),"") -> 9.6429672 | S14: =IFERROR($G$8*R14,"") -> 15.86127 | T14: =IFERROR(CONCATENATE(ROUND(G14-S14,IF(E14="",3,E14))," to ",ROUND(G14+S14,IF(E14="",3,E14))),"") -> 241 to 273 | V14: 134 | W14: 233 | X14: =IF(OR($F14="",$V14=""),"",IF(AND(ROUND($V14,IF($E14="",3,$E14))>=ROUND($F14-$O14,IF($E14="",3,$E14)),ROUND($V14,IF($E14="",3,$E14))<=ROUND($F14+$O14,IF($E14="",3,$E14))),1,0)) -> 1 | Y14: =IF(OR($G14="",$W14=""),"",IF(AND(ROUND($W14,IF($E14="",3,$E14))>=ROUND($G14-$S14,IF($E14="",3,$E14)),ROUND($W14,IF($E14="",3,$E14))<=ROUND($G14+$S14,IF($E14="",3,$E14))),1,0)) -> 0 | Z14: 138 | AA14: 233 | AB14: =IF(OR($F14="",$Z14=""),"",IF(AND(ROUND($Z14,IF($E14="",3,$E14))>=ROUND($F14-$O14,IF($E14="",3,$E14)),ROUND($Z14,IF($E14="",3,$E14))<=ROUND($F14+$O14,IF($E14="",3,$E14))),1,0)) -> 1 | AC14: =IF(OR($G14="",$AA14=""),"",IF(AND(ROUND($AA14,IF($E14="",3,$E14))>=ROUND($G14-$S14,IF($E14="",3,$E14)),ROUND($AA14,IF($E14="",3,$E14))<=ROUND($G14+$S14,IF($E14="",3,$E14))),1,0)) -> 0 | AD14: 140 | AE14: 241 | AF14: =IF(OR($F14="",$AD14=""),"",IF(AND(ROUND($AD14,IF($E14="",3,$E14))>=ROUND($F14-$O14,IF($E14="",3,$E14)),ROUND($AD14,IF($E14="",3,$E14))<=ROUND($F14+$O14,IF($E14="",3,$E14))),1,0)) -> 1 | AG14: =IF(OR($G14="",$AE14=""),"",IF(AND(ROUND($AE14,IF($E14="",3,$E14))>=ROUND($G14-$S14,IF($E14="",3,$E14)),ROUND($AE14,IF($E14="",3,$E14))<=ROUND($G14+$S14,IF($E14="",3,$E14))),1,0)) -> 1 | AH14: 140 | AI14: 251 | AJ14: =IF(OR($F14="",$AH14=""),"",IF(AND(ROUND($AH14,IF($E14="",3,$E14))>=ROUND($F14-$O14,IF($E14="",3,$E14)),ROUND($AH14,IF($E14="",3,$E14))<=ROUND($F14+$O14,IF($E14="",3,$E14))),1,0)) -> 1 | AK14: =IF(OR($G14="",$AI14=""),"",IF(AND(ROUND($AI14,IF($E14="",3,$E14))>=ROUND($G14-$S14,IF($E14="",3,$E14)),ROUND($AI14,IF($E14="",3,$E14))<=ROUND($G14+$S14,IF($E14="",3,$E14))),1,0)) -> 1 | AL14: 139 | AM14: 247 | AN14: =IF(OR($F14="",$AL14=""),"",IF(AND(ROUND($AL14,IF($E14="",3,$E14))>=ROUND($F14-$O14,IF($E14="",3,$E14)),ROUND($AL14,IF($E14="",3,$E14))<=ROUND($F14+$O14,IF($E14="",3,$E14))),1,0)) -> 1 | AO14: =IF(OR($G14="",$AM14=""),"",IF(AND(ROUND($AM14,IF($E14="",3,$E14))>=ROUND($G14-$S14,IF($E14="",3,$E14)),ROUND($AM14,IF($E14="",3,$E14))<=ROUND($G14+$S14,IF($E14="",3,$E14))),1,0)) -> 1
B15: TSH | C15: mIU/L | D15: 533 | E15: 2 | F15: 0.61 | G15: 4.86 | H15: =IFERROR(SQRT(EXP(((LN(G15)-LN(IF(OR(F15="",F15=0),IF(G15="","",0.15*G15),F15)))/3.92)^2)-1),"") -> 0.56877997 | I15: =IFERROR(((SQRT(H15*100-0.25))/100),"") -> 0.075251576 | J15: =IFERROR(EXP((IF(OR(F15="",F15=0),LN(G15*0.15),LN(F15))+LN(G15))/2),"") -> 1.7218014 | K15: =IFERROR(I15*J15,"") -> 0.12956827 | L15: =IFERROR((K15-0.2*K15)/J15,"") -> 0.060201261 | M15: =IFERROR(0.2*K15,"") -> 0.025913654 | N15: =IFERROR(IF(F15="","",F15*L15+M15),"") -> 0.062636423 | O15: =IFERROR($G$8*N15,"") -> 0.10302775 | P15: =IFERROR(CONCATENATE(ROUND(F15-O15,IF(E15="",3,E15))," to ",ROUND(F15+O15,IF(E15="",3,E15))),"") -> 0,51 to 0,71 | R15: =IFERROR(IF(G15="","",G15*L15+M15),"") -> 0.31849178 | S15: =IFERROR($G$8*R15,"") -> 0.52387236 | T15: =IFERROR(CONCATENATE(ROUND(G15-S15,IF(E15="",3,E15))," to ",ROUND(G15+S15,IF(E15="",3,E15))),"") -> 4,34 to 5,38 | V15: 0.6 | W15: 4.03 | X15: =IF(OR($F15="",$V15=""),"",IF(AND(ROUND($V15,IF($E15="",3,$E15))>=ROUND($F15-$O15,IF($E15="",3,$E15)),ROUND($V15,IF($E15="",3,$E15))<=ROUND($F15+$O15,IF($E15="",3,$E15))),1,0)) -> 1 | Y15: =IF(OR($G15="",$W15=""),"",IF(AND(ROUND($W15,IF($E15="",3,$E15))>=ROUND($G15-$S15,IF($E15="",3,$E15)),ROUND($W15,IF($E15="",3,$E15))<=ROUND($G15+$S15,IF($E15="",3,$E15))),1,0)) -> 0 | Z15: 0.52 | AA15: 3.22 | AB15: =IF(OR($F15="",$Z15=""),"",IF(AND(ROUND($Z15,IF($E15="",3,$E15))>=ROUND($F15-$O15,IF($E15="",3,$E15)),ROUND($Z15,IF($E15="",3,$E15))<=ROUND($F15+$O15,IF($E15="",3,$E15))),1,0)) -> 1 | AC15: =IF(OR($G15="",$AA15=""),"",IF(AND(ROUND($AA15,IF($E15="",3,$E15))>=ROUND($G15-$S15,IF($E15="",3,$E15)),ROUND($AA15,IF($E15="",3,$E15))<=ROUND($G15+$S15,IF($E15="",3,$E15))),1,0)) -> 0 | AD15: 0.59 | AE15: 4.63 | AF15: =IF(OR($F15="",$AD15=""),"",IF(AND(ROUND($AD15,IF($E15="",3,$E15))>=ROUND($F15-$O15,IF($E15="",3,$E15)),ROUND($AD15,IF($E15="",3,$E15))<=ROUND($F15+$O15,IF($E15="",3,$E15))),1,0)) -> 1 | AG15: =IF(OR($G15="",$AE15=""),"",IF(AND(ROUND($AE15,IF($E15="",3,$E15))>=ROUND($G15-$S15,IF($E15="",3,$E15)),ROUND($AE15,IF($E15="",3,$E15))<=ROUND($G15+$S15,IF($E15="",3,$E15))),1,0)) -> 1 | AH15: 0.55 | AI15: 4.59 | AJ15: =IF(OR($F15="",$AH15=""),"",IF(AND(ROUND($AH15,IF($E15="",3,$E15))>=ROUND($F15-$O15,IF($E15="",3,$E15)),ROUND($AH15,IF($E15="",3,$E15))<=ROUND($F15+$O15,IF($E15="",3,$E15))),1,0)) -> 1 | AK15: =IF(OR($G15="",$AI15=""),"",IF(AND(ROUND($AI15,IF($E15="",3,$E15))>=ROUND($G15-$S15,IF($E15="",3,$E15)),ROUND($AI15,IF($E15="",3,$E15))<=ROUND($G15+$S15,IF($E15="",3,$E15))),1,0)) -> 1 | AL15: 0.54 | AM15: 4.76 | AN15: =IF(OR($F15="",$AL15=""),"",IF(AND(ROUND($AL15,IF($E15="",3,$E15))>=ROUND($F15-$O15,IF($E15="",3,$E15)),ROUND($AL15,IF($E15="",3,$E15))<=ROUND($F15+$O15,IF($E15="",3,$E15))),1,0)) -> 1 | AO15: =IF(OR($G15="",$AM15=""),"",IF(AND(ROUND($AM15,IF($E15="",3,$E15))>=ROUND($G15-$S15,IF($E15="",3,$E15)),ROUND($AM15,IF($E15="",3,$E15))<=ROUND($G15+$S15,IF($E15="",3,$E15))),1,0)) -> 1
B16: FT4 | C16: pmol/L | D16: 533 | E16: 1 | F16: 7.8 | G16: 14.1 | H16: =IFERROR(SQRT(EXP(((LN(G16)-LN(IF(OR(F16="",F16=0),IF(G16="","",0.15*G16),F16)))/3.92)^2)-1),"") -> 0.15189885 | I16: =IFERROR(((SQRT(H16*100-0.25))/100),"") -> 0.038652148 | J16: =IFERROR(EXP((IF(OR(F16="",F16=0),LN(G16*0.15),LN(F16))+LN(G16))/2),"") -> 10.487135 | K16: =IFERROR(I16*J16,"") -> 0.40535029 | L16: =IFERROR((K16-0.2*K16)/J16,"") -> 0.030921718 | M16: =IFERROR(0.2*K16,"") -> 0.081070058 | N16: =IFERROR(IF(F16="","",F16*L16+M16),"") -> 0.32225946 | O16: =IFERROR($G$8*N16,"") -> 0.53006964 | P16: =IFERROR(CONCATENATE(ROUND(F16-O16,IF(E16="",3,E16))," to ",ROUND(F16+O16,IF(E16="",3,E16))),"") -> 7,3 to 8,3 | R16: =IFERROR(IF(G16="","",G16*L16+M16),"") -> 0.51706628 | S16: =IFERROR($G$8*R16,"") -> 0.85049835 | T16: =IFERROR(CONCATENATE(ROUND(G16-S16,IF(E16="",3,E16))," to ",ROUND(G16+S16,IF(E16="",3,E16))),"") -> 13,2 to 15 | V16: 6.76 | W16: 13.9 | X16: =IF(OR($F16="",$V16=""),"",IF(AND(ROUND($V16,IF($E16="",3,$E16))>=ROUND($F16-$O16,IF($E16="",3,$E16)),ROUND($V16,IF($E16="",3,$E16))<=ROUND($F16+$O16,IF($E16="",3,$E16))),1,0)) -> 0 | Y16: =IF(OR($G16="",$W16=""),"",IF(AND(ROUND($W16,IF($E16="",3,$E16))>=ROUND($G16-$S16,IF($E16="",3,$E16)),ROUND($W16,IF($E16="",3,$E16))<=ROUND($G16+$S16,IF($E16="",3,$E16))),1,0)) -> 1 | Z16: 7.92 | AA16: 13.3 | AB16: =IF(OR($F16="",$Z16=""),"",IF(AND(ROUND($Z16,IF($E16="",3,$E16))>=ROUND($F16-$O16,IF($E16="",3,$E16)),ROUND($Z16,IF($E16="",3,$E16))<=ROUND($F16+$O16,IF($E16="",3,$E16))),1,0)) -> 1 | AC16: =IF(OR($G16="",$AA16=""),"",IF(AND(ROUND($AA16,IF($E16="",3,$E16))>=ROUND($G16-$S16,IF($E16="",3,$E16)),ROUND($AA16,IF($E16="",3,$E16))<=ROUND($G16+$S16,IF($E16="",3,$E16))),1,0)) -> 1 | AD16: 7.54 | AE16: 13.8 | AF16: =IF(OR($F16="",$AD16=""),"",IF(AND(ROUND($AD16,IF($E16="",3,$E16))>=ROUND($F16-$O16,IF($E16="",3,$E16)),ROUND($AD16,IF($E16="",3,$E16))<=ROUND($F16+$O16,IF($E16="",3,$E16))),1,0)) -> 1 | AG16: =IF(OR($G16="",$AE16=""),"",IF(AND(ROUND($AE16,IF($E16="",3,$E16))>=ROUND($G16-$S16,IF($E16="",3,$E16)),ROUND($AE16,IF($E16="",3,$E16))<=ROUND($G16+$S16,IF($E16="",3,$E16))),1,0)) -> 1 | AH16: 7.9 | AI16: 14.1 | AJ16: =IF(OR($F16="",$AH16=""),"",IF(AND(ROUND($AH16,IF($E16="",3,$E16))>=ROUND($F16-$O16,IF($E16="",3,$E16)),ROUND($AH16,IF($E16="",3,$E16))<=ROUND($F16+$O16,IF($E16="",3,$E16))),1,0)) -> 1 | AK16: =IF(OR($G16="",$AI16=""),"",IF(AND(ROUND($AI16,IF($E16="",3,$E16))>=ROUND($G16-$S16,IF($E16="",3,$E16)),ROUND($AI16,IF($E16="",3,$E16))<=ROUND($G16+$S16,IF($E16="",3,$E16))),1,0)) -> 1 | AL16: 7.5 | AM16: 13.7 | AN16: =IF(OR($F16="",$AL16=""),"",IF(AND(ROUND($AL16,IF($E16="",3,$E16))>=ROUND($F16-$O16,IF($E16="",3,$E16)),ROUND($AL16,IF($E16="",3,$E16))<=ROUND($F16+$O16,IF($E16="",3,$E16))),1,0)) -> 1 | AO16: =IF(OR($G16="",$AM16=""),"",IF(AND(ROUND($AM16,IF($E16="",3,$E16))>=ROUND($G16-$S16,IF($E16="",3,$E16)),ROUND($AM16,IF($E16="",3,$E16))<=ROUND($G16+$S16,IF($E16="",3,$E16))),1,0)) -> 1
B17: ALT | C17: U/L | D17: 874 | E17: 1 | F17: 6.6 | G17: 34.5 | H17: =IFERROR(SQRT(EXP(((LN(G17)-LN(IF(OR(F17="",F17=0),IF(G17="","",0.15*G17),F17)))/3.92)^2)-1),"") -> 0.44140183 | I17: =IFERROR(((SQRT(H17*100-0.25))/100),"") -> 0.066249666 | J17: =IFERROR(EXP((IF(OR(F17="",F17=0),LN(G17*0.15),LN(F17))+LN(G17))/2),"") -> 15.089732 | K17: =IFERROR(I17*J17,"") -> 0.99968968 | L17: =IFERROR((K17-0.2*K17)/J17,"") -> 0.052999733 | M17: =IFERROR(0.2*K17,"") -> 0.19993794 | N17: =IFERROR(IF(F17="","",F17*L17+M17),"") -> 0.54973617 | O17: =IFERROR($G$8*N17,"") -> 0.90423554 | P17: =IFERROR(CONCATENATE(ROUND(F17-O17,IF(E17="",3,E17))," to ",ROUND(F17+O17,IF(E17="",3,E17))),"") -> 5,7 to 7,5 | R17: =IFERROR(IF(G17="","",G17*L17+M17),"") -> 2.0284287 | S17: =IFERROR($G$8*R17,"") -> 3.3364683 | T17: =IFERROR(CONCATENATE(ROUND(G17-S17,IF(E17="",3,E17))," to ",ROUND(G17+S17,IF(E17="",3,E17))),"") -> 31,2 to 37,8 | V17: 5.7 | W17: 35.5 | X17: =IF(OR($F17="",$V17=""),"",IF(AND(ROUND($V17,IF($E17="",3,$E17))>=ROUND($F17-$O17,IF($E17="",3,$E17)),ROUND($V17,IF($E17="",3,$E17))<=ROUND($F17+$O17,IF($E17="",3,$E17))),1,0)) -> 1 | Y17: =IF(OR($G17="",$W17=""),"",IF(AND(ROUND($W17,IF($E17="",3,$E17))>=ROUND($G17-$S17,IF($E17="",3,$E17)),ROUND($W17,IF($E17="",3,$E17))<=ROUND($G17+$S17,IF($E17="",3,$E17))),1,0)) -> 1 | Z17: 8.87 | AA17: 34.7 | AB17: =IF(OR($F17="",$Z17=""),"",IF(AND(ROUND($Z17,IF($E17="",3,$E17))>=ROUND($F17-$O17,IF($E17="",3,$E17)),ROUND($Z17,IF($E17="",3,$E17))<=ROUND($F17+$O17,IF($E17="",3,$E17))),1,0)) -> 0 | AC17: =IF(OR($G17="",$AA17=""),"",IF(AND(ROUND($AA17,IF($E17="",3,$E17))>=ROUND($G17-$S17,IF($E17="",3,$E17)),ROUND($AA17,IF($E17="",3,$E17))<=ROUND($G17+$S17,IF($E17="",3,$E17))),1,0)) -> 1 | AD17: 9.94 | AE17: 34.2 | AF17: =IF(OR($F17="",$AD17=""),"",IF(AND(ROUND($AD17,IF($E17="",3,$E17))>=ROUND($F17-$O17,IF($E17="",3,$E17)),ROUND($AD17,IF($E17="",3,$E17))<=ROUND($F17+$O17,IF($E17="",3,$E17))),1,0)) -> 0 | AG17: =IF(OR($G17="",$AE17=""),"",IF(AND(ROUND($AE17,IF($E17="",3,$E17))>=ROUND($G17-$S17,IF($E17="",3,$E17)),ROUND($AE17,IF($E17="",3,$E17))<=ROUND($G17+$S17,IF($E17="",3,$E17))),1,0)) -> 1 | AH17: 5.9 | AI17: 35 | AJ17: =IF(OR($F17="",$AH17=""),"",IF(AND(ROUND($AH17,IF($E17="",3,$E17))>=ROUND($F17-$O17,IF($E17="",3,$E17)),ROUND($AH17,IF($E17="",3,$E17))<=ROUND($F17+$O17,IF($E17="",3,$E17))),1,0)) -> 1 | AK17: =IF(OR($G17="",$AI17=""),"",IF(AND(ROUND($AI17,IF($E17="",3,$E17))>=ROUND($G17-$S17,IF($E17="",3,$E17)),ROUND($AI17,IF($E17="",3,$E17))<=ROUND($G17+$S17,IF($E17="",3,$E17))),1,0)) -> 1 | AL17: 6.7 | AM17: 35.4 | AN17: =IF(OR($F17="",$AL17=""),"",IF(AND(ROUND($AL17,IF($E17="",3,$E17))>=ROUND($F17-$O17,IF($E17="",3,$E17)),ROUND($AL17,IF($E17="",3,$E17))<=ROUND($F17+$O17,IF($E17="",3,$E17))),1,0)) -> 1 | AO17: =IF(OR($G17="",$AM17=""),"",IF(AND(ROUND($AM17,IF($E17="",3,$E17))>=ROUND($G17-$S17,IF($E17="",3,$E17)),ROUND($AM17,IF($E17="",3,$E17))<=ROUND($G17+$S17,IF($E17="",3,$E17))),1,0)) -> 1
B18: GGT | C18: U/L | D18: 874 | E18: 2 | F18: 12.22 | G18: 51.71 | H18: =IFERROR(SQRT(EXP(((LN(G18)-LN(IF(OR(F18="",F18=0),IF(G18="","",0.15*G18),F18)))/3.92)^2)-1),"") -> 0.38082263 | I18: =IFERROR(((SQRT(H18*100-0.25))/100),"") -> 0.061507937 | J18: =IFERROR(EXP((IF(OR(F18="",F18=0),LN(G18*0.15),LN(F18))+LN(G18))/2),"") -> 25.137546 | K18: =IFERROR(I18*J18,"") -> 1.5461586 | L18: =IFERROR((K18-0.2*K18)/J18,"") -> 0.04920635 | M18: =IFERROR(0.2*K18,"") -> 0.30923171 | N18: =IFERROR(IF(F18="","",F18*L18+M18),"") -> 0.91053331 | O18: =IFERROR($G$8*N18,"") -> 1.497694 | P18: =IFERROR(CONCATENATE(ROUND(F18-O18,IF(E18="",3,E18))," to ",ROUND(F18+O18,IF(E18="",3,E18))),"") -> 10,72 to 13,72 | R18: =IFERROR(IF(G18="","",G18*L18+M18),"") -> 2.853692 | S18: =IFERROR($G$8*R18,"") -> 4.6939057 | T18: =IFERROR(CONCATENATE(ROUND(G18-S18,IF(E18="",3,E18))," to ",ROUND(G18+S18,IF(E18="",3,E18))),"") -> 47,02 to 56,4 | V18: 11.5 | W18: 47.7 | X18: =IF(OR($F18="",$V18=""),"",IF(AND(ROUND($V18,IF($E18="",3,$E18))>=ROUND($F18-$O18,IF($E18="",3,$E18)),ROUND($V18,IF($E18="",3,$E18))<=ROUND($F18+$O18,IF($E18="",3,$E18))),1,0)) -> 1 | Y18: =IF(OR($G18="",$W18=""),"",IF(AND(ROUND($W18,IF($E18="",3,$E18))>=ROUND($G18-$S18,IF($E18="",3,$E18)),ROUND($W18,IF($E18="",3,$E18))<=ROUND($G18+$S18,IF($E18="",3,$E18))),1,0)) -> 1 | Z18: 19.3 | AA18: 52.5 | AB18: =IF(OR($F18="",$Z18=""),"",IF(AND(ROUND($Z18,IF($E18="",3,$E18))>=ROUND($F18-$O18,IF($E18="",3,$E18)),ROUND($Z18,IF($E18="",3,$E18))<=ROUND($F18+$O18,IF($E18="",3,$E18))),1,0)) -> 0 | AC18: =IF(OR($G18="",$AA18=""),"",IF(AND(ROUND($AA18,IF($E18="",3,$E18))>=ROUND($G18-$S18,IF($E18="",3,$E18)),ROUND($AA18,IF($E18="",3,$E18))<=ROUND($G18+$S18,IF($E18="",3,$E18))),1,0)) -> 1 | AD18: 12.2 | AE18: 47.1 | AF18: =IF(OR($F18="",$AD18=""),"",IF(AND(ROUND($AD18,IF($E18="",3,$E18))>=ROUND($F18-$O18,IF($E18="",3,$E18)),ROUND($AD18,IF($E18="",3,$E18))<=ROUND($F18+$O18,IF($E18="",3,$E18))),1,0)) -> 1 | AG18: =IF(OR($G18="",$AE18=""),"",IF(AND(ROUND($AE18,IF($E18="",3,$E18))>=ROUND($G18-$S18,IF($E18="",3,$E18)),ROUND($AE18,IF($E18="",3,$E18))<=ROUND($G18+$S18,IF($E18="",3,$E18))),1,0)) -> 1 | AH18: 11.6 | AI18: 47.9 | AJ18: =IF(OR($F18="",$AH18=""),"",IF(AND(ROUND($AH18,IF($E18="",3,$E18))>=ROUND($F18-$O18,IF($E18="",3,$E18)),ROUND($AH18,IF($E18="",3,$E18))<=ROUND($F18+$O18,IF($E18="",3,$E18))),1,0)) -> 1 | AK18: =IF(OR($G18="",$AI18=""),"",IF(AND(ROUND($AI18,IF($E18="",3,$E18))>=ROUND($G18-$S18,IF($E18="",3,$E18)),ROUND($AI18,IF($E18="",3,$E18))<=ROUND($G18+$S18,IF($E18="",3,$E18))),1,0)) -> 1 | AL18: 12.27 | AM18: 50.02 | AN18: =IF(OR($F18="",$AL18=""),"",IF(AND(ROUND($AL18,IF($E18="",3,$E18))>=ROUND($F18-$O18,IF($E18="",3,$E18)),ROUND($AL18,IF($E18="",3,$E18))<=ROUND($F18+$O18,IF($E18="",3,$E18))),1,0)) -> 1 | AO18: =IF(OR($G18="",$AM18=""),"",IF(AND(ROUND($AM18,IF($E18="",3,$E18))>=ROUND($G18-$S18,IF($E18="",3,$E18)),ROUND($AM18,IF($E18="",3,$E18))<=ROUND($G18+$S18,IF($E18="",3,$E18))),1,0)) -> 1 | AQ18: Performance ranking
B19: RBC | C19: 10^6/μL | D19: 992 | E19: 2 | F19: 3.97 | G19: 6.28 | H19: =IFERROR(SQRT(EXP(((LN(G19)-LN(IF(OR(F19="",F19=0),IF(G19="","",0.15*G19),F19)))/3.92)^2)-1),"") -> 0.11739224 | I19: =IFERROR(((SQRT(H19*100-0.25))/100),"") -> 0.033895758 | J19: =IFERROR(EXP((IF(OR(F19="",F19=0),LN(G19*0.15),LN(F19))+LN(G19))/2),"") -> 4.9931553 | K19: =IFERROR(I19*J19,"") -> 0.16924678 | L19: =IFERROR((K19-0.2*K19)/J19,"") -> 0.027116606 | M19: =IFERROR(0.2*K19,"") -> 0.033849357 | N19: =IFERROR(IF(F19="","",F19*L19+M19),"") -> 0.14150228 | O19: =IFERROR($G$8*N19,"") -> 0.23275054 | P19: =IFERROR(CONCATENATE(ROUND(F19-O19,IF(E19="",3,E19))," to ",ROUND(F19+O19,IF(E19="",3,E19))),"") -> 3,74 to 4,2 | R19: =IFERROR(IF(G19="","",G19*L19+M19),"") -> 0.20414164 | S19: =IFERROR($G$8*R19,"") -> 0.33578312 | T19: =IFERROR(CONCATENATE(ROUND(G19-S19,IF(E19="",3,E19))," to ",ROUND(G19+S19,IF(E19="",3,E19))),"") -> 5,94 to 6,62 | V19: 3.77 | W19: 6.19 | X19: =IF(OR($F19="",$V19=""),"",IF(AND(ROUND($V19,IF($E19="",3,$E19))>=ROUND($F19-$O19,IF($E19="",3,$E19)),ROUND($V19,IF($E19="",3,$E19))<=ROUND($F19+$O19,IF($E19="",3,$E19))),1,0)) -> 1 | Y19: =IF(OR($G19="",$W19=""),"",IF(AND(ROUND($W19,IF($E19="",3,$E19))>=ROUND($G19-$S19,IF($E19="",3,$E19)),ROUND($W19,IF($E19="",3,$E19))<=ROUND($G19+$S19,IF($E19="",3,$E19))),1,0)) -> 1 | Z19: 4.05 | AA19: 6.32 | AB19: =IF(OR($F19="",$Z19=""),"",IF(AND(ROUND($Z19,IF($E19="",3,$E19))>=ROUND($F19-$O19,IF($E19="",3,$E19)),ROUND($Z19,IF($E19="",3,$E19))<=ROUND($F19+$O19,IF($E19="",3,$E19))),1,0)) -> 1 | AC19: =IF(OR($G19="",$AA19=""),"",IF(AND(ROUND($AA19,IF($E19="",3,$E19))>=ROUND($G19-$S19,IF($E19="",3,$E19)),ROUND($AA19,IF($E19="",3,$E19))<=ROUND($G19+$S19,IF($E19="",3,$E19))),1,0)) -> 1 | AD19: 3.95 | AE19: 6.2 | AF19: =IF(OR($F19="",$AD19=""),"",IF(AND(ROUND($AD19,IF($E19="",3,$E19))>=ROUND($F19-$O19,IF($E19="",3,$E19)),ROUND($AD19,IF($E19="",3,$E19))<=ROUND($F19+$O19,IF($E19="",3,$E19))),1,0)) -> 1 | AG19: =IF(OR($G19="",$AE19=""),"",IF(AND(ROUND($AE19,IF($E19="",3,$E19))>=ROUND($G19-$S19,IF($E19="",3,$E19)),ROUND($AE19,IF($E19="",3,$E19))<=ROUND($G19+$S19,IF($E19="",3,$E19))),1,0)) -> 1 | AH19: 3.77 | AI19: 6.24 | AJ19: =IF(OR($F19="",$AH19=""),"",IF(AND(ROUND($AH19,IF($E19="",3,$E19))>=ROUND($F19-$O19,IF($E19="",3,$E19)),ROUND($AH19,IF($E19="",3,$E19))<=ROUND($F19+$O19,IF($E19="",3,$E19))),1,0)) -> 1 | AK19: =IF(OR($G19="",$AI19=""),"",IF(AND(ROUND($AI19,IF($E19="",3,$E19))>=ROUND($G19-$S19,IF($E19="",3,$E19)),ROUND($AI19,IF($E19="",3,$E19))<=ROUND($G19+$S19,IF($E19="",3,$E19))),1,0)) -> 1 | AL19: 3.97 | AM19: 6.25 | AN19: =IF(OR($F19="",$AL19=""),"",IF(AND(ROUND($AL19,IF($E19="",3,$E19))>=ROUND($F19-$O19,IF($E19="",3,$E19)),ROUND($AL19,IF($E19="",3,$E19))<=ROUND($F19+$O19,IF($E19="",3,$E19))),1,0)) -> 1 | AO19: =IF(OR($G19="",$AM19=""),"",IF(AND(ROUND($AM19,IF($E19="",3,$E19))>=ROUND($G19-$S19,IF($E19="",3,$E19)),ROUND($AM19,IF($E19="",3,$E19))<=ROUND($G19+$S19,IF($E19="",3,$E19))),1,0)) -> 1 | AQ19: Method | AR19: Overall % of RLs within the EI | AS19: Rank | AT19: LRLs within EI / total | AU19: URLs within EI / total | AV19: Total within EI / total possible
B20: Hb | C20: g/dL | D20: 992 | E20: 2 | F20: 10.6 | G20: 17.34 | H20: =IFERROR(SQRT(EXP(((LN(G20)-LN(IF(OR(F20="",F20=0),IF(G20="","",0.15*G20),F20)))/3.92)^2)-1),"") -> 0.12604792 | I20: =IFERROR(((SQRT(H20*100-0.25))/100),"") -> 0.035149385 | J20: =IFERROR(EXP((IF(OR(F20="",F20=0),LN(G20*0.15),LN(F20))+LN(G20))/2),"") -> 13.557433 | K20: =IFERROR(I20*J20,"") -> 0.47653544 | L20: =IFERROR((K20-0.2*K20)/J20,"") -> 0.028119508 | M20: =IFERROR(0.2*K20,"") -> 0.095307088 | N20: =IFERROR(IF(F20="","",F20*L20+M20),"") -> 0.39337387 | O20: =IFERROR($G$8*N20,"") -> 0.64704244 | P20: =IFERROR(CONCATENATE(ROUND(F20-O20,IF(E20="",3,E20))," to ",ROUND(F20+O20,IF(E20="",3,E20))),"") -> 9,95 to 11,25 | R20: =IFERROR(IF(G20="","",G20*L20+M20),"") -> 0.58289935 | S20: =IFERROR($G$8*R20,"") -> 0.95878412 | T20: =IFERROR(CONCATENATE(ROUND(G20-S20,IF(E20="",3,E20))," to ",ROUND(G20+S20,IF(E20="",3,E20))),"") -> 16,38 to 18,3 | V20: 10.8 | W20: 18.9 | X20: =IF(OR($F20="",$V20=""),"",IF(AND(ROUND($V20,IF($E20="",3,$E20))>=ROUND($F20-$O20,IF($E20="",3,$E20)),ROUND($V20,IF($E20="",3,$E20))<=ROUND($F20+$O20,IF($E20="",3,$E20))),1,0)) -> 1 | Y20: =IF(OR($G20="",$W20=""),"",IF(AND(ROUND($W20,IF($E20="",3,$E20))>=ROUND($G20-$S20,IF($E20="",3,$E20)),ROUND($W20,IF($E20="",3,$E20))<=ROUND($G20+$S20,IF($E20="",3,$E20))),1,0)) -> 0 | Z20: 11 | AA20: 17.2 | AB20: =IF(OR($F20="",$Z20=""),"",IF(AND(ROUND($Z20,IF($E20="",3,$E20))>=ROUND($F20-$O20,IF($E20="",3,$E20)),ROUND($Z20,IF($E20="",3,$E20))<=ROUND($F20+$O20,IF($E20="",3,$E20))),1,0)) -> 1 | AC20: =IF(OR($G20="",$AA20=""),"",IF(AND(ROUND($AA20,IF($E20="",3,$E20))>=ROUND($G20-$S20,IF($E20="",3,$E20)),ROUND($AA20,IF($E20="",3,$E20))<=ROUND($G20+$S20,IF($E20="",3,$E20))),1,0)) -> 1 | AD20: 11.3 | AE20: 17.3 | AF20: =IF(OR($F20="",$AD20=""),"",IF(AND(ROUND($AD20,IF($E20="",3,$E20))>=ROUND($F20-$O20,IF($E20="",3,$E20)),ROUND($AD20,IF($E20="",3,$E20))<=ROUND($F20+$O20,IF($E20="",3,$E20))),1,0)) -> 0 | AG20: =IF(OR($G20="",$AE20=""),"",IF(AND(ROUND($AE20,IF($E20="",3,$E20))>=ROUND($G20-$S20,IF($E20="",3,$E20)),ROUND($AE20,IF($E20="",3,$E20))<=ROUND($G20+$S20,IF($E20="",3,$E20))),1,0)) -> 1 | AH20: 10.9 | AI20: 17.5 | AJ20: =IF(OR($F20="",$AH20=""),"",IF(AND(ROUND($AH20,IF($E20="",3,$E20))>=ROUND($F20-$O20,IF($E20="",3,$E20)),ROUND($AH20,IF($E20="",3,$E20))<=ROUND($F20+$O20,IF($E20="",3,$E20))),1,0)) -> 1 | AK20: =IF(OR($G20="",$AI20=""),"",IF(AND(ROUND($AI20,IF($E20="",3,$E20))>=ROUND($G20-$S20,IF($E20="",3,$E20)),ROUND($AI20,IF($E20="",3,$E20))<=ROUND($G20+$S20,IF($E20="",3,$E20))),1,0)) -> 1 | AL20: 10.77 | AM20: 17.3 | AN20: =IF(OR($F20="",$AL20=""),"",IF(AND(ROUND($AL20,IF($E20="",3,$E20))>=ROUND($F20-$O20,IF($E20="",3,$E20)),ROUND($AL20,IF($E20="",3,$E20))<=ROUND($F20+$O20,IF($E20="",3,$E20))),1,0)) -> 1 | AO20: =IF(OR($G20="",$AM20=""),"",IF(AND(ROUND($AM20,IF($E20="",3,$E20))>=ROUND($G20-$S20,IF($E20="",3,$E20)),ROUND($AM20,IF($E20="",3,$E20))<=ROUND($G20+$S20,IF($E20="",3,$E20))),1,0)) -> 1 | AQ20: TML | AR20: =IFERROR((X24+Y24)/COUNT(X12:Y23),"") -> 0.66666667 | AS20: =IFERROR(IF(AR20="","",_xlfn.RANK.EQ(AR20,$AR$20:$AR$24)),"") -> 5 | AT20: =X24&"/"&COUNT(X12:X23) -> 7/12 | AU20: =Y24&"/"&COUNT(Y12:Y23) -> 9/12 | AV20: =(X24+Y24)&"/"&COUNT(X12:Y23) -> 16/24
B21: WBC | C21: 10^3/μL | D21: 992 | E21: 2 | F21: 3.16 | G21: 7.73 | H21: =IFERROR(SQRT(EXP(((LN(G21)-LN(IF(OR(F21="",F21=0),IF(G21="","",0.15*G21),F21)))/3.92)^2)-1),"") -> 0.23120148 | I21: =IFERROR(((SQRT(H21*100-0.25))/100),"") -> 0.047822743 | J21: =IFERROR(EXP((IF(OR(F21="",F21=0),LN(G21*0.15),LN(F21))+LN(G21))/2),"") -> 4.9423476 | K21: =IFERROR(I21*J21,"") -> 0.23635662 | L21: =IFERROR((K21-0.2*K21)/J21,"") -> 0.038258195 | M21: =IFERROR(0.2*K21,"") -> 0.047271324 | N21: =IFERROR(IF(F21="","",F21*L21+M21),"") -> 0.16816722 | O21: =IFERROR($G$8*N21,"") -> 0.27661046 | P21: =IFERROR(CONCATENATE(ROUND(F21-O21,IF(E21="",3,E21))," to ",ROUND(F21+O21,IF(E21="",3,E21))),"") -> 2,88 to 3,44 | R21: =IFERROR(IF(G21="","",G21*L21+M21),"") -> 0.34300717 | S21: =IFERROR($G$8*R21,"") -> 0.56419658 | T21: =IFERROR(CONCATENATE(ROUND(G21-S21,IF(E21="",3,E21))," to ",ROUND(G21+S21,IF(E21="",3,E21))),"") -> 7,17 to 8,29 | V21: 3.65 | W21: 7.77 | X21: =IF(OR($F21="",$V21=""),"",IF(AND(ROUND($V21,IF($E21="",3,$E21))>=ROUND($F21-$O21,IF($E21="",3,$E21)),ROUND($V21,IF($E21="",3,$E21))<=ROUND($F21+$O21,IF($E21="",3,$E21))),1,0)) -> 0 | Y21: =IF(OR($G21="",$W21=""),"",IF(AND(ROUND($W21,IF($E21="",3,$E21))>=ROUND($G21-$S21,IF($E21="",3,$E21)),ROUND($W21,IF($E21="",3,$E21))<=ROUND($G21+$S21,IF($E21="",3,$E21))),1,0)) -> 1 | Z21: 3.18 | AA21: 8.09 | AB21: =IF(OR($F21="",$Z21=""),"",IF(AND(ROUND($Z21,IF($E21="",3,$E21))>=ROUND($F21-$O21,IF($E21="",3,$E21)),ROUND($Z21,IF($E21="",3,$E21))<=ROUND($F21+$O21,IF($E21="",3,$E21))),1,0)) -> 1 | AC21: =IF(OR($G21="",$AA21=""),"",IF(AND(ROUND($AA21,IF($E21="",3,$E21))>=ROUND($G21-$S21,IF($E21="",3,$E21)),ROUND($AA21,IF($E21="",3,$E21))<=ROUND($G21+$S21,IF($E21="",3,$E21))),1,0)) -> 1 | AD21: 3.34 | AE21: 8.05 | AF21: =IF(OR($F21="",$AD21=""),"",IF(AND(ROUND($AD21,IF($E21="",3,$E21))>=ROUND($F21-$O21,IF($E21="",3,$E21)),ROUND($AD21,IF($E21="",3,$E21))<=ROUND($F21+$O21,IF($E21="",3,$E21))),1,0)) -> 1 | AG21: =IF(OR($G21="",$AE21=""),"",IF(AND(ROUND($AE21,IF($E21="",3,$E21))>=ROUND($G21-$S21,IF($E21="",3,$E21)),ROUND($AE21,IF($E21="",3,$E21))<=ROUND($G21+$S21,IF($E21="",3,$E21))),1,0)) -> 1 | AH21: 3.32 | AI21: 8.17 | AJ21: =IF(OR($F21="",$AH21=""),"",IF(AND(ROUND($AH21,IF($E21="",3,$E21))>=ROUND($F21-$O21,IF($E21="",3,$E21)),ROUND($AH21,IF($E21="",3,$E21))<=ROUND($F21+$O21,IF($E21="",3,$E21))),1,0)) -> 1 | AK21: =IF(OR($G21="",$AI21=""),"",IF(AND(ROUND($AI21,IF($E21="",3,$E21))>=ROUND($G21-$S21,IF($E21="",3,$E21)),ROUND($AI21,IF($E21="",3,$E21))<=ROUND($G21+$S21,IF($E21="",3,$E21))),1,0)) -> 1 | AL21: 3.25 | AM21: 8.15 | AN21: =IF(OR($F21="",$AL21=""),"",IF(AND(ROUND($AL21,IF($E21="",3,$E21))>=ROUND($F21-$O21,IF($E21="",3,$E21)),ROUND($AL21,IF($E21="",3,$E21))<=ROUND($F21+$O21,IF($E21="",3,$E21))),1,0)) -> 1 | AO21: =IF(OR($G21="",$AM21=""),"",IF(AND(ROUND($AM21,IF($E21="",3,$E21))>=ROUND($G21-$S21,IF($E21="",3,$E21)),ROUND($AM21,IF($E21="",3,$E21))<=ROUND($G21+$S21,IF($E21="",3,$E21))),1,0)) -> 1 | AQ21: refineR | AR21: =IFERROR((AB24+AC24)/COUNT(AB12:AC23),"") -> 0.75 | AS21: =IFERROR(IF(AR21="","",_xlfn.RANK.EQ(AR21,$AR$20:$AR$24)),"") -> 4 | AT21: =AB24&"/"&COUNT(AB12:AB23) -> 9/12 | AU21: =AC24&"/"&COUNT(AC12:AC23) -> 9/12 | AV21: =(AB24+AC24)&"/"&COUNT(AB12:AC23) -> 18/24
B22: LYM | C22: 10^3/μL | D22: 992 | E22: 2 | F22: 1.31 | G22: 3.38 | H22: =IFERROR(SQRT(EXP(((LN(G22)-LN(IF(OR(F22="",F22=0),IF(G22="","",0.15*G22),F22)))/3.92)^2)-1),"") -> 0.2453758 | I22: =IFERROR(((SQRT(H22*100-0.25))/100),"") -> 0.049282431 | J22: =IFERROR(EXP((IF(OR(F22="",F22=0),LN(G22*0.15),LN(F22))+LN(G22))/2),"") -> 2.1042338 | K22: =IFERROR(I22*J22,"") -> 0.10370176 | L22: =IFERROR((K22-0.2*K22)/J22,"") -> 0.039425944 | M22: =IFERROR(0.2*K22,"") -> 0.020740351 | N22: =IFERROR(IF(F22="","",F22*L22+M22),"") -> 0.072388339 | O22: =IFERROR($G$8*N22,"") -> 0.11906822 | P22: =IFERROR(CONCATENATE(ROUND(F22-O22,IF(E22="",3,E22))," to ",ROUND(F22+O22,IF(E22="",3,E22))),"") -> 1,19 to 1,43 | R22: =IFERROR(IF(G22="","",G22*L22+M22),"") -> 0.15400004 | S22: =IFERROR($G$8*R22,"") -> 0.25330753 | T22: =IFERROR(CONCATENATE(ROUND(G22-S22,IF(E22="",3,E22))," to ",ROUND(G22+S22,IF(E22="",3,E22))),"") -> 3,13 to 3,63 | V22: 0.96 | W22: 3.27 | X22: =IF(OR($F22="",$V22=""),"",IF(AND(ROUND($V22,IF($E22="",3,$E22))>=ROUND($F22-$O22,IF($E22="",3,$E22)),ROUND($V22,IF($E22="",3,$E22))<=ROUND($F22+$O22,IF($E22="",3,$E22))),1,0)) -> 0 | Y22: =IF(OR($G22="",$W22=""),"",IF(AND(ROUND($W22,IF($E22="",3,$E22))>=ROUND($G22-$S22,IF($E22="",3,$E22)),ROUND($W22,IF($E22="",3,$E22))<=ROUND($G22+$S22,IF($E22="",3,$E22))),1,0)) -> 1 | Z22: 1.31 | AA22: 3.58 | AB22: =IF(OR($F22="",$Z22=""),"",IF(AND(ROUND($Z22,IF($E22="",3,$E22))>=ROUND($F22-$O22,IF($E22="",3,$E22)),ROUND($Z22,IF($E22="",3,$E22))<=ROUND($F22+$O22,IF($E22="",3,$E22))),1,0)) -> 1 | AC22: =IF(OR($G22="",$AA22=""),"",IF(AND(ROUND($AA22,IF($E22="",3,$E22))>=ROUND($G22-$S22,IF($E22="",3,$E22)),ROUND($AA22,IF($E22="",3,$E22))<=ROUND($G22+$S22,IF($E22="",3,$E22))),1,0)) -> 1 | AD22: 1.36 | AE22: 3.41 | AF22: =IF(OR($F22="",$AD22=""),"",IF(AND(ROUND($AD22,IF($E22="",3,$E22))>=ROUND($F22-$O22,IF($E22="",3,$E22)),ROUND($AD22,IF($E22="",3,$E22))<=ROUND($F22+$O22,IF($E22="",3,$E22))),1,0)) -> 1 | AG22: =IF(OR($G22="",$AE22=""),"",IF(AND(ROUND($AE22,IF($E22="",3,$E22))>=ROUND($G22-$S22,IF($E22="",3,$E22)),ROUND($AE22,IF($E22="",3,$E22))<=ROUND($G22+$S22,IF($E22="",3,$E22))),1,0)) -> 1 | AH22: 1.36 | AI22: 3.61 | AJ22: =IF(OR($F22="",$AH22=""),"",IF(AND(ROUND($AH22,IF($E22="",3,$E22))>=ROUND($F22-$O22,IF($E22="",3,$E22)),ROUND($AH22,IF($E22="",3,$E22))<=ROUND($F22+$O22,IF($E22="",3,$E22))),1,0)) -> 1 | AK22: =IF(OR($G22="",$AI22=""),"",IF(AND(ROUND($AI22,IF($E22="",3,$E22))>=ROUND($G22-$S22,IF($E22="",3,$E22)),ROUND($AI22,IF($E22="",3,$E22))<=ROUND($G22+$S22,IF($E22="",3,$E22))),1,0)) -> 1 | AL22: 1.23 | AM22: 3.19 | AN22: =IF(OR($F22="",$AL22=""),"",IF(AND(ROUND($AL22,IF($E22="",3,$E22))>=ROUND($F22-$O22,IF($E22="",3,$E22)),ROUND($AL22,IF($E22="",3,$E22))<=ROUND($F22+$O22,IF($E22="",3,$E22))),1,0)) -> 1 | AO22: =IF(OR($G22="",$AM22=""),"",IF(AND(ROUND($AM22,IF($E22="",3,$E22))>=ROUND($G22-$S22,IF($E22="",3,$E22)),ROUND($AM22,IF($E22="",3,$E22))<=ROUND($G22+$S22,IF($E22="",3,$E22))),1,0)) -> 1 | AQ22: TMC | AR22: =IFERROR((AF24+AG24)/COUNT(AF12:AG23),"") -> 0.875 | AS22: =IFERROR(IF(AR22="","",_xlfn.RANK.EQ(AR22,$AR$20:$AR$24)),"") -> 3 | AT22: =AF24&"/"&COUNT(AF12:AF23) -> 10/12 | AU22: =AG24&"/"&COUNT(AG12:AG23) -> 11/12 | AV22: =(AF24+AG24)&"/"&COUNT(AF12:AG23) -> 21/24
B23: PLT | C23: 10^3/μL | D23: 992 | E23: 1 | F23: 140.2 | G23: 384 | H23: =IFERROR(SQRT(EXP(((LN(G23)-LN(IF(OR(F23="",F23=0),IF(G23="","",0.15*G23),F23)))/3.92)^2)-1),"") -> 0.26133816 | I23: =IFERROR(((SQRT(H23*100-0.25))/100),"") -> 0.05087614 | J23: =IFERROR(EXP((IF(OR(F23="",F23=0),LN(G23*0.15),LN(F23))+LN(G23))/2),"") -> 232.02758 | K23: =IFERROR(I23*J23,"") -> 11.804668 | L23: =IFERROR((K23-0.2*K23)/J23,"") -> 0.040700912 | M23: =IFERROR(0.2*K23,"") -> 2.3609336 | N23: =IFERROR(IF(F23="","",F23*L23+M23),"") -> 8.0672014 | O23: =IFERROR($G$8*N23,"") -> 13.269365 | P23: =IFERROR(CONCATENATE(ROUND(F23-O23,IF(E23="",3,E23))," to ",ROUND(F23+O23,IF(E23="",3,E23))),"") -> 126,9 to 153,5 | R23: =IFERROR(IF(G23="","",G23*L23+M23),"") -> 17.990084 | S23: =IFERROR($G$8*R23,"") -> 29.591054 | T23: =IFERROR(CONCATENATE(ROUND(G23-S23,IF(E23="",3,E23))," to ",ROUND(G23+S23,IF(E23="",3,E23))),"") -> 354,4 to 413,6 | V23: 115 | W23: 383 | X23: =IF(OR($F23="",$V23=""),"",IF(AND(ROUND($V23,IF($E23="",3,$E23))>=ROUND($F23-$O23,IF($E23="",3,$E23)),ROUND($V23,IF($E23="",3,$E23))<=ROUND($F23+$O23,IF($E23="",3,$E23))),1,0)) -> 0 | Y23: =IF(OR($G23="",$W23=""),"",IF(AND(ROUND($W23,IF($E23="",3,$E23))>=ROUND($G23-$S23,IF($E23="",3,$E23)),ROUND($W23,IF($E23="",3,$E23))<=ROUND($G23+$S23,IF($E23="",3,$E23))),1,0)) -> 1 | Z23: 139 | AA23: 385 | AB23: =IF(OR($F23="",$Z23=""),"",IF(AND(ROUND($Z23,IF($E23="",3,$E23))>=ROUND($F23-$O23,IF($E23="",3,$E23)),ROUND($Z23,IF($E23="",3,$E23))<=ROUND($F23+$O23,IF($E23="",3,$E23))),1,0)) -> 1 | AC23: =IF(OR($G23="",$AA23=""),"",IF(AND(ROUND($AA23,IF($E23="",3,$E23))>=ROUND($G23-$S23,IF($E23="",3,$E23)),ROUND($AA23,IF($E23="",3,$E23))<=ROUND($G23+$S23,IF($E23="",3,$E23))),1,0)) -> 1 | AD23: 148 | AE23: 362 | AF23: =IF(OR($F23="",$AD23=""),"",IF(AND(ROUND($AD23,IF($E23="",3,$E23))>=ROUND($F23-$O23,IF($E23="",3,$E23)),ROUND($AD23,IF($E23="",3,$E23))<=ROUND($F23+$O23,IF($E23="",3,$E23))),1,0)) -> 1 | AG23: =IF(OR($G23="",$AE23=""),"",IF(AND(ROUND($AE23,IF($E23="",3,$E23))>=ROUND($G23-$S23,IF($E23="",3,$E23)),ROUND($AE23,IF($E23="",3,$E23))<=ROUND($G23+$S23,IF($E23="",3,$E23))),1,0)) -> 1 | AH23: 125 | AI23: 381 | AJ23: =IF(OR($F23="",$AH23=""),"",IF(AND(ROUND($AH23,IF($E23="",3,$E23))>=ROUND($F23-$O23,IF($E23="",3,$E23)),ROUND($AH23,IF($E23="",3,$E23))<=ROUND($F23+$O23,IF($E23="",3,$E23))),1,0)) -> 0 | AK23: =IF(OR($G23="",$AI23=""),"",IF(AND(ROUND($AI23,IF($E23="",3,$E23))>=ROUND($G23-$S23,IF($E23="",3,$E23)),ROUND($AI23,IF($E23="",3,$E23))<=ROUND($G23+$S23,IF($E23="",3,$E23))),1,0)) -> 1 | AL23: 132 | AM23: 374 | AN23: =IF(OR($F23="",$AL23=""),"",IF(AND(ROUND($AL23,IF($E23="",3,$E23))>=ROUND($F23-$O23,IF($E23="",3,$E23)),ROUND($AL23,IF($E23="",3,$E23))<=ROUND($F23+$O23,IF($E23="",3,$E23))),1,0)) -> 1 | AO23: =IF(OR($G23="",$AM23=""),"",IF(AND(ROUND($AM23,IF($E23="",3,$E23))>=ROUND($G23-$S23,IF($E23="",3,$E23)),ROUND($AM23,IF($E23="",3,$E23))<=ROUND($G23+$S23,IF($E23="",3,$E23))),1,0)) -> 1 | AQ23: reflimR | AR23: =IFERROR((AJ24+AK24)/COUNT(AJ12:AK23),"") -> 0.95833333 | AS23: =IFERROR(IF(AR23="","",_xlfn.RANK.EQ(AR23,$AR$20:$AR$24)),"") -> 2 | AT23: =AJ24&"/"&COUNT(AJ12:AJ23) -> 11/12 | AU23: =AK24&"/"&COUNT(AK12:AK23) -> 12/12 | AV23: =(AJ24+AK24)&"/"&COUNT(AJ12:AK23) -> 23/24
V24: n TML LRL within EI | X24: =SUM(X12:X23) -> 7 | Y24: =SUM(Y12:Y23) -> 9 | Z24: n refineR RLs within EI | AB24: =SUM(AB12:AB23) -> 9 | AC24: =SUM(AC12:AC23) -> 9 | AD24: n TMC RLs within EI | AF24: =SUM(AF12:AF23) -> 10 | AG24: =SUM(AG12:AG23) -> 11 | AH24: n reflimR RLs within EI | AJ24: =SUM(AJ12:AJ23) -> 11 | AK24: =SUM(AK12:AK23) -> 12 | AL24: n LabRI RLs within EI | AN24: =SUM(AN12:AN23) -> 12 | AO24: =SUM(AO12:AO23) -> 12 | AQ24: LabRI | AR24: =IFERROR((AN24+AO24)/COUNT(AN12:AO23),"") -> 1 | AS24: =IFERROR(IF(AR24="","",_xlfn.RANK.EQ(AR24,$AR$20:$AR$24)),"") -> 1 | AT24: =AN24&"/"&COUNT(AN12:AN23) -> 12/12 | AU24: =AO24&"/"&COUNT(AO12:AO23) -> 12/12 | AV24: =(AN24+AO24)&"/"&COUNT(AN12:AO23) -> 24/24
V25: % TML LRL within EI | X25: =IFERROR(X24/COUNT(X12:X23),"") -> 0.58333333 | Y25: =IFERROR(Y24/COUNT(Y12:Y23),"") -> 0.75 | Z25: % refineR RLs within EI | AB25: =IFERROR(AB24/COUNT(AB12:AB23),"") -> 0.75 | AC25: =IFERROR(AC24/COUNT(AC12:AC23),"") -> 0.75 | AD25: % TMC RLs within EI | AF25: =IFERROR(AF24/COUNT(AF12:AF23),"") -> 0.83333333 | AG25: =IFERROR(AG24/COUNT(AG12:AG23),"") -> 0.91666667 | AH25: % reflimR RLs within EI | AJ25: =IFERROR(AJ24/COUNT(AJ12:AJ23),"") -> 0.91666667 | AK25: =IFERROR(AK24/COUNT(AK12:AK23),"") -> 1 | AL25: % LabRI RLs within EI | AN25: =IFERROR(AN24/COUNT(AN12:AN23),"") -> 1 | AO25: =IFERROR(AO24/COUNT(AO12:AO23),"") -> 1
V26: % TML RLs within EI (overall) | X26: {=IFERROR(SUM(X24:Y24/COUNT(X12:Y23)),"")} -> 0.66666667 | Z26: % refineR RLs within EI (overall) | AB26: =IFERROR(SUM(AB24:AC24)/COUNT(AB12:AC23),"") -> 0.75 | AD26: % TMC RLs within EI (overall) | AF26: =IFERROR(SUM(AF24:AG24)/COUNT(AF12:AG23),"") -> 0.875 | AH26: % reflimR RLs within EI (overall) | AJ26: =IFERROR(SUM(AJ24:AK24)/COUNT(AJ12:AK23),"") -> 0.95833333 | AL26: % LabRI RLs within EI (overall) | AN26: {=IFERROR(SUM(AN24:AO24/COUNT(AN12:AO23)),"")} -> 1
B28: Abbreviations:
B29: LRL: lower reference limit.
B30: URL: upper reference limit.
B31: CVE: empirical biological variation coefficient derived on the logarithmic scale from the reference interval. If the LRL is unknown, it is set at 15% of the URL for the CVE calculation.
B32: pCVA: the permissible analytical coefficient of variation (CVA) at the median on the linear scale, obtained from the CVE.
B33: Medln: median of the reference interval on the logarithmic scale.
B34: pSDA,Med: permissible analytical standard deviation (SDA) at the median of the reference interval.
B35: Slope: calculated from pSDA,Med and the median of the reference interval.
B36: Intercept: related to the limit of detection. Because the limit of detection is usually unknown for the human material matrix, 20% of pSDA,Med is applied empirically here as a surrogate.
B37: pSDA,LRL: permissible analytical standard deviation at the lower reference limit.
B38: pSDA,URL: permissible analytical standard deviation at the upper reference limit.
B39: pDLRL: permissible difference (pD) for the LRL, based on Haeckel's approach, which estimates the CVE from the reference interval provided by the user.
... B52: References
B53: 1 - R. Haeckel, T. Ammer, W. Wosniok, A. Krebs, A. Torge, M. Özcürümez, A. Bertram, Age-and sex-specific reference intervals of total cholesterol, LDL cholesterol, HDL cholesterol and non-HDL cholesterol. Comparison of two algorithms for the indirect estimation of reference intervals, Journal of Laboratory Medicine 47 (2023) 55–62. https://doi.org/10.1515/labmed-2022-0147. | O53: Link
B55: 2 - R. Haeckel, K. Adeli, G. Jones, K. Sikaris, W. Wosniok, Definitions and major prerequisites of direct and indirect approaches for estimating reference limits, Clinical Chemistry and Laboratory Medicine (CCLM) 61 (2023) 402–406. https://doi.org/10.1515/cclm-2022-1061. | O55: Link
B57: 4 - R. Haeckel, W. Wosniok, T. Streichert, Review of potentials and limitations of indirect approaches for estimating reference limits/intervals of quantitative procedures in laboratory medicine, Journal of Laboratory Medicine 45 (2021) 35–53. https://doi.org/10.1515/labmed-2020-0131. | O57: Link
B59: 5 - E. Gurr, R. Haeckel, M. Orth, T. Streichert, Festlegung der zulässigen Messunsicherheit quantitativer Messgrößen in der Laboratoriumsmedizin, LaboratoriumsMedizin 41 (2017) 53–58. https://doi.org/10.1515/labmed-2016-0079. | O59: Link
B61: 6 - R. Haeckel, W. Wosniok, F. Arzideh, Equivalence limits of reference intervals for partitioning of population data. Relevant differences of reference limits, LaboratoriumsMedizin 40 (2016) 199–205. https://doi.org/10.1515/labmed-2016-0002. | O61: Link
B63: 7 - R. Haeckel, E. Gurr, T. Keller, Permissible measurement uncertainty in the lower part of measurement intervals, LaboratoriumsMedizin 40 (2016) 271–276. https://doi.org/10.1515/labmed-2016-0006. | O63: Link
B65: 8 - R. Haeckel, W. Wosniok, E. Gurr, B. Peil, Permissible limits for uncertainty of measurement in laboratory medicine, Clinical Chemistry and Laboratory Medicine (CCLM) 53 (2015). https://doi.org/10.1515/cclm-2014-0874. | O65: Link
B67: 9 - R. Haeckel, W. Wosniok, T. Streichert, Optimizing the use of the “state-of-the-art” performance criteria, Clinical Chemistry and Laboratory Medicine (CCLM) 53 (2015). https://doi.org/10.1515/cclm-2014-1201. | O67: Link
B69: 10 - R. Haeckel, W. Wosniok, J. Kratochvila, A. Carobene, A pragmatic proposal for permissible limits in external quality assessment schemes with a compromise between biological variation and the state of the art, Clinical Chemistry and Laboratory Medicine 50 (2012). https://doi.org/10.1515/cclm-2011-0862. | O69: Link
B72: Tool information and attribution
B73: Tool | F73: Performance Ranking by Index of Deviation of Reference Limits (PRIDe-RL)
B74: Version | F74: 1.0.0
B75: Release date | F75: 13 Feb 2025
B76: Author | F76: Alan Carvalho Dias
B77: ORCID | F77: https://orcid.org/0000-0002-7159-4593
B78: Corresponding e-mail | F78: alancdias@hotmail.com
B79: Website | F79: https://grupolabr.com
B80: Repository / DOI | F80: https://github.com/labrgrupo/Supplementary_Material_CCA_LabRI
B81: System requirements | F81: Microsoft Excel 365 or Excel 2021 (or later). The worksheet uses dynamic array functions (LET, SORT, SEQUENCE, TEXTJOIN, UNICHAR) that are unavailable in Excel 2016/2019 and may not behave identically in LibreOffice Calc.

Sheet Input Group 2
D2: Performance Ranking by Index of Deviation of Reference Limits (PRIDe-RL)
D3: A multidimensional framework for comparative evaluation and ranking of reference-limit estimation methods
B5: Nominal coverage probability (or confidence level) | G5: 0.9 | P5: 0.8
B6: Significance level (α) | G6: =1-IF(G5="",0.9,G5) -> 0.1 | P6: 0.9
B7: ="Cumulative probability (quantile order, "&IF(G5="","1 − α/2",SUBSTITUTE(ROUND(1-(1-G5)/2,4)&"",",","."))&")" -> Cumulative probability (quantile order, 0.95) | G7: =1-G6/2 -> 0.95 | H7: Interpretation of the standard normal quantile
B8: {="Standard normal quantile (critical value, z"&IF(G5="","₁₋α/₂",_xlfn.LET(_xlpm.p,ROUND(1-(1-G5)/2,4),_xlpm.d,SUBSTITUTE(_xlpm.p&"",",","."),_xlfn.TEXTJOIN("",1,IFERROR(_xlfn.UNICHAR(8320+MID(_xlpm.d,_xlfn.SEQUENCE(LEN(_xlpm.d)),1)),"."))))&")"} -> Standard normal quantile (critical value, z₀.₉₅) | G8: =_xlfn.NORM.S.INV(G7) -> 1.6448536 | H8: {=_xlfn.LET(_xlpm.cl,IF(G5="",0.9,G5),_xlpm.p,ROUND(1-(1-_xlpm.cl)/2,4),_xlpm.d,SUBSTITUTE(_xlpm.p&"",",","."),_xlpm.sub,_xlfn.TEXTJOIN("",1,IFERROR(_xlfn.UNICHAR(8320+MID(_xlpm.d,_xlfn.SEQUENCE(LEN(_xlpm.d)),1)),".")),"where z"&_xlpm.sub&" = "&SUBSTITUTE(FIXED(_xlfn.NORM.S.INV(_xlpm.p),4,TRUE)&"",",",".")&" is the standard normal quantile corresponding to a two-sided nominal coverage probability of "&SUBSTITUTE(ROUND(_xlpm.cl*100,2)&"",",",".")&"%.")} -> where z₀.₉₅ = 1.6449 is the standard normal quantile corresponding to a two-sided nominal coverage probability of 90%.
B10: Test | C10: Unit | D10: n | E10: Decimal places | F10: Comparative Reference | H10: CVE | I10: pCVA | J10: Med | K10: pSDA,Med | L10: Slope | M10: Intercept | N10: pSDA,LRL | O10: pDLRL | P10: EILRL | R10: pSDA,URL | S10: pDURL | T10: EIURL | V10: TML | X10: TML LRL within EILRL | Y10: TML URL within EIURL | Z10: refineR | AB10: refineR LRL within EILRL | AC10: refineR URL within EIURL | AD10: TMC | AF10: TMC LRL within EILRL | AG10: TMC URL within EIURL | AH10: reflimR | AJ10: reflimR LRL within EILRL | AK10: reflimR URL within EIURL | AL10: LabRI | AN10: LabRI LRL within EILRL | AO10: LabRI URL within EIURL
F11: LRL | G11: URL | V11: LRL | W11: URL | X11: 1 = yes / 0 = no | Y11: 1 = yes / 0 = no | Z11: LRL | AA11: URL | AB11: 1 = yes / 0 = no | AC11: 1 = yes / 0 = no | AD11: LRL | AE11: URL | AF11: 1 = yes / 0 = no | AG11: 1 = yes / 0 = no | AH11: LRL | AI11: URL | AJ11: 1 = yes / 0 = no | AK11: 1 = yes / 0 = no | AL11: LRL | AM11: URL | AN11: 1 = yes / 0 = no | AO11: 1 = yes / 0 = no
B12: Testcase1 | C12: n/a | D12: 500 | E12: 1 | F12: 10.2 | G12: 29.8 | H12: =IFERROR(SQRT(EXP(((LN(G12)-LN(IF(OR(F12="",F12=0),IF(G12="","",0.15*G12),F12)))/3.92)^2)-1),"") -> 0.27869539 | I12: =IFERROR(((SQRT(H12*100-0.25))/100),"") -> 0.052554295 | J12: =IFERROR(EXP((IF(OR(F12="",F12=0),LN(G12*0.15),LN(F12))+LN(G12))/2),"") -> 17.434449 | K12: =IFERROR(I12*J12,"") -> 0.91625516 | L12: =IFERROR((K12-0.2*K12)/J12,"") -> 0.042043436 | M12: =IFERROR(0.2*K12,"") -> 0.18325103 | N12: =IFERROR(IF(F12="","",F12*L12+M12),"") -> 0.61209408 | O12: =IFERROR($G$8*N12,"") -> 1.0068052 | P12: =IFERROR(CONCATENATE(ROUND(F12-O12,IF(E12="",3,E12))," to ",ROUND(F12+O12,IF(E12="",3,E12))),"") -> 9,2 to 11,2 | R12: =IFERROR(IF(G12="","",G12*L12+M12),"") -> 1.4361454 | S12: =IFERROR($G$8*R12,"") -> 2.362249 | T12: =IFERROR(CONCATENATE(ROUND(G12-S12,IF(E12="",3,E12))," to ",ROUND(G12+S12,IF(E12="",3,E12))),"") -> 27,4 to 32,2 | V12: 12.1 | W12: 32.7 | X12: =IF(OR($F12="",$V12=""),"",IF(AND(ROUND($V12,IF($E12="",3,$E12))>=ROUND($F12-$O12,IF($E12="",3,$E12)),ROUND($V12,IF($E12="",3,$E12))<=ROUND($F12+$O12,IF($E12="",3,$E12))),1,0)) -> 0 | Y12: =IF(OR($G12="",$W12=""),"",IF(AND(ROUND($W12,IF($E12="",3,$E12))>=ROUND($G12-$S12,IF($E12="",3,$E12)),ROUND($W12,IF($E12="",3,$E12))<=ROUND($G12+$S12,IF($E12="",3,$E12))),1,0)) -> 0 | Z12: 11 | AA12: 31.2 | AB12: =IF(OR($F12="",$Z12=""),"",IF(AND(ROUND($Z12,IF($E12="",3,$E12))>=ROUND($F12-$O12,IF($E12="",3,$E12)),ROUND($Z12,IF($E12="",3,$E12))<=ROUND($F12+$O12,IF($E12="",3,$E12))),1,0)) -> 1 | AC12: =IF(OR($G12="",$AA12=""),"",IF(AND(ROUND($AA12,IF($E12="",3,$E12))>=ROUND($G12-$S12,IF($E12="",3,$E12)),ROUND($AA12,IF($E12="",3,$E12))<=ROUND($G12+$S12,IF($E12="",3,$E12))),1,0)) -> 1 | AD12: 10.4 | AE12: 30.3 | AF12: =IF(OR($F12="",$AD12=""),"",IF(AND(ROUND($AD12,IF($E12="",3,$E12))>=ROUND($F12-$O12,IF($E12="",3,$E12)),ROUND($AD12,IF($E12="",3,$E12))<=ROUND($F12+$O12,IF($E12="",3,$E12))),1,0)) -> 1 | AG12: =IF(OR($G12="",$AE12=""),"",IF(AND(ROUND($AE12,IF($E12="",3,$E12))>=ROUND($G12-$S12,IF($E12="",3,$E12)),ROUND($AE12,IF($E12="",3,$E12))<=ROUND($G12+$S12,IF($E12="",3,$E12))),1,0)) -> 1 | AH12: 11.2 | AI12: 29.9 | AJ12: =IF(OR($F12="",$AH12=""),"",IF(AND(ROUND($AH12,IF($E12="",3,$E12))>=ROUND($F12-$O12,IF($E12="",3,$E12)),ROUND($AH12,IF($E12="",3,$E12))<=ROUND($F12+$O12,IF($E12="",3,$E12))),1,0)) -> 1 | AK12: =IF(OR($G12="",$AI12=""),"",IF(AND(ROUND($AI12,IF($E12="",3,$E12))>=ROUND($G12-$S12,IF($E12="",3,$E12)),ROUND($AI12,IF($E12="",3,$E12))<=ROUND($G12+$S12,IF($E12="",3,$E12))),1,0)) -> 1 | AL12: 10.8 | AM12: 30 | AN12: =IF(OR($F12="",$AL12=""),"",IF(AND(ROUND($AL12,IF($E12="",3,$E12))>=ROUND($F12-$O12,IF($E12="",3,$E12)),ROUND($AL12,IF($E12="",3,$E12))<=ROUND($F12+$O12,IF($E12="",3,$E12))),1,0)) -> 1 | AO12: =IF(OR($G12="",$AM12=""),"",IF(AND(ROUND($AM12,IF($E12="",3,$E12))>=ROUND($G12-$S12,IF($E12="",3,$E12)),ROUND($AM12,IF($E12="",3,$E12))<=ROUND($G12+$S12,IF($E12="",3,$E12))),1,0)) -> 1
B13: Testcase1 | C13: n/a | D13: 1000 | E13: 1 | F13: 10.2 | G13: 29.8 | H13: =IFERROR(SQRT(EXP(((LN(G13)-LN(IF(OR(F13="",F13=0),IF(G13="","",0.15*G13),F13)))/3.92)^2)-1),"") -> 0.27869539 | I13: =IFERROR(((SQRT(H13*100-0.25))/100),"") -> 0.052554295 | J13: =IFERROR(EXP((IF(OR(F13="",F13=0),LN(G13*0.15),LN(F13))+LN(G13))/2),"") -> 17.434449 | K13: =IFERROR(I13*J13,"") -> 0.91625516 | L13: =IFERROR((K13-0.2*K13)/J13,"") -> 0.042043436 | M13: =IFERROR(0.2*K13,"") -> 0.18325103 | N13: =IFERROR(IF(F13="","",F13*L13+M13),"") -> 0.61209408 | O13: =IFERROR($G$8*N13,"") -> 1.0068052 | P13: =IFERROR(CONCATENATE(ROUND(F13-O13,IF(E13="",3,E13))," to ",ROUND(F13+O13,IF(E13="",3,E13))),"") -> 9,2 to 11,2 | R13: =IFERROR(IF(G13="","",G13*L13+M13),"") -> 1.4361454 | S13: =IFERROR($G$8*R13,"") -> 2.362249 | T13: =IFERROR(CONCATENATE(ROUND(G13-S13,IF(E13="",3,E13))," to ",ROUND(G13+S13,IF(E13="",3,E13))),"") -> 27,4 to 32,2 | V13: 11.3 | W13: 30.6 | X13: =IF(OR($F13="",$V13=""),"",IF(AND(ROUND($V13,IF($E13="",3,$E13))>=ROUND($F13-$O13,IF($E13="",3,$E13)),ROUND($V13,IF($E13="",3,$E13))<=ROUND($F13+$O13,IF($E13="",3,$E13))),1,0)) -> 0 | Y13: =IF(OR($G13="",$W13=""),"",IF(AND(ROUND($W13,IF($E13="",3,$E13))>=ROUND($G13-$S13,IF($E13="",3,$E13)),ROUND($W13,IF($E13="",3,$E13))<=ROUND($G13+$S13,IF($E13="",3,$E13))),1,0)) -> 1 | Z13: 11.5 | AA13: 30.9 | AB13: =IF(OR($F13="",$Z13=""),"",IF(AND(ROUND($Z13,IF($E13="",3,$E13))>=ROUND($F13-$O13,IF($E13="",3,$E13)),ROUND($Z13,IF($E13="",3,$E13))<=ROUND($F13+$O13,IF($E13="",3,$E13))),1,0)) -> 0 | AC13: =IF(OR($G13="",$AA13=""),"",IF(AND(ROUND($AA13,IF($E13="",3,$E13))>=ROUND($G13-$S13,IF($E13="",3,$E13)),ROUND($AA13,IF($E13="",3,$E13))<=ROUND($G13+$S13,IF($E13="",3,$E13))),1,0)) -> 1 | AD13: 10.5 | AE13: 29.7 | AF13: =IF(OR($F13="",$AD13=""),"",IF(AND(ROUND($AD13,IF($E13="",3,$E13))>=ROUND($F13-$O13,IF($E13="",3,$E13)),ROUND($AD13,IF($E13="",3,$E13))<=ROUND($F13+$O13,IF($E13="",3,$E13))),1,0)) -> 1 | AG13: =IF(OR($G13="",$AE13=""),"",IF(AND(ROUND($AE13,IF($E13="",3,$E13))>=ROUND($G13-$S13,IF($E13="",3,$E13)),ROUND($AE13,IF($E13="",3,$E13))<=ROUND($G13+$S13,IF($E13="",3,$E13))),1,0)) -> 1 | AH13: 12.1 | AI13: 36.8 | AJ13: =IF(OR($F13="",$AH13=""),"",IF(AND(ROUND($AH13,IF($E13="",3,$E13))>=ROUND($F13-$O13,IF($E13="",3,$E13)),ROUND($AH13,IF($E13="",3,$E13))<=ROUND($F13+$O13,IF($E13="",3,$E13))),1,0)) -> 0 | AK13: =IF(OR($G13="",$AI13=""),"",IF(AND(ROUND($AI13,IF($E13="",3,$E13))>=ROUND($G13-$S13,IF($E13="",3,$E13)),ROUND($AI13,IF($E13="",3,$E13))<=ROUND($G13+$S13,IF($E13="",3,$E13))),1,0)) -> 0 | AL13: 10.8 | AM13: 29.2 | AN13: =IF(OR($F13="",$AL13=""),"",IF(AND(ROUND($AL13,IF($E13="",3,$E13))>=ROUND($F13-$O13,IF($E13="",3,$E13)),ROUND($AL13,IF($E13="",3,$E13))<=ROUND($F13+$O13,IF($E13="",3,$E13))),1,0)) -> 1 | AO13: =IF(OR($G13="",$AM13=""),"",IF(AND(ROUND($AM13,IF($E13="",3,$E13))>=ROUND($G13-$S13,IF($E13="",3,$E13)),ROUND($AM13,IF($E13="",3,$E13))<=ROUND($G13+$S13,IF($E13="",3,$E13))),1,0)) -> 1
B14: Testcase1 | C14: n/a | D14: 2000 | E14: 1 | F14: 10.2 | G14: 29.8 | H14: =IFERROR(SQRT(EXP(((LN(G14)-LN(IF(OR(F14="",F14=0),IF(G14="","",0.15*G14),F14)))/3.92)^2)-1),"") -> 0.27869539 | I14: =IFERROR(((SQRT(H14*100-0.25))/100),"") -> 0.052554295 | J14: =IFERROR(EXP((IF(OR(F14="",F14=0),LN(G14*0.15),LN(F14))+LN(G14))/2),"") -> 17.434449 | K14: =IFERROR(I14*J14,"") -> 0.91625516 | L14: =IFERROR((K14-0.2*K14)/J14,"") -> 0.042043436 | M14: =IFERROR(0.2*K14,"") -> 0.18325103 | N14: =IFERROR(IF(F14="","",F14*L14+M14),"") -> 0.61209408 | O14: =IFERROR($G$8*N14,"") -> 1.0068052 | P14: =IFERROR(CONCATENATE(ROUND(F14-O14,IF(E14="",3,E14))," to ",ROUND(F14+O14,IF(E14="",3,E14))),"") -> 9,2 to 11,2 | R14: =IFERROR(IF(G14="","",G14*L14+M14),"") -> 1.4361454 | S14: =IFERROR($G$8*R14,"") -> 2.362249 | T14: =IFERROR(CONCATENATE(ROUND(G14-S14,IF(E14="",3,E14))," to ",ROUND(G14+S14,IF(E14="",3,E14))),"") -> 27,4 to 32,2 | V14: 10.3 | W14: 29.8 | X14: =IF(OR($F14="",$V14=""),"",IF(AND(ROUND($V14,IF($E14="",3,$E14))>=ROUND($F14-$O14,IF($E14="",3,$E14)),ROUND($V14,IF($E14="",3,$E14))<=ROUND($F14+$O14,IF($E14="",3,$E14))),1,0)) -> 1 | Y14: =IF(OR($G14="",$W14=""),"",IF(AND(ROUND($W14,IF($E14="",3,$E14))>=ROUND($G14-$S14,IF($E14="",3,$E14)),ROUND($W14,IF($E14="",3,$E14))<=ROUND($G14+$S14,IF($E14="",3,$E14))),1,0)) -> 1 | Z14: 11.1 | AA14: 30.2 | AB14: =IF(OR($F14="",$Z14=""),"",IF(AND(ROUND($Z14,IF($E14="",3,$E14))>=ROUND($F14-$O14,IF($E14="",3,$E14)),ROUND($Z14,IF($E14="",3,$E14))<=ROUND($F14+$O14,IF($E14="",3,$E14))),1,0)) -> 1 | AC14: =IF(OR($G14="",$AA14=""),"",IF(AND(ROUND($AA14,IF($E14="",3,$E14))>=ROUND($G14-$S14,IF($E14="",3,$E14)),ROUND($AA14,IF($E14="",3,$E14))<=ROUND($G14+$S14,IF($E14="",3,$E14))),1,0)) -> 1 | AD14: 10.6 | AE14: 29.7 | AF14: =IF(OR($F14="",$AD14=""),"",IF(AND(ROUND($AD14,IF($E14="",3,$E14))>=ROUND($F14-$O14,IF($E14="",3,$E14)),ROUND($AD14,IF($E14="",3,$E14))<=ROUND($F14+$O14,IF($E14="",3,$E14))),1,0)) -> 1 | AG14: =IF(OR($G14="",$AE14=""),"",IF(AND(ROUND($AE14,IF($E14="",3,$E14))>=ROUND($G14-$S14,IF($E14="",3,$E14)),ROUND($AE14,IF($E14="",3,$E14))<=ROUND($G14+$S14,IF($E14="",3,$E14))),1,0)) -> 1 | AH14: 12.5 | AI14: 34.7 | AJ14: =IF(OR($F14="",$AH14=""),"",IF(AND(ROUND($AH14,IF($E14="",3,$E14))>=ROUND($F14-$O14,IF($E14="",3,$E14)),ROUND($AH14,IF($E14="",3,$E14))<=ROUND($F14+$O14,IF($E14="",3,$E14))),1,0)) -> 0 | AK14: =IF(OR($G14="",$AI14=""),"",IF(AND(ROUND($AI14,IF($E14="",3,$E14))>=ROUND($G14-$S14,IF($E14="",3,$E14)),ROUND($AI14,IF($E14="",3,$E14))<=ROUND($G14+$S14,IF($E14="",3,$E14))),1,0)) -> 0 | AL14: 10.8 | AM14: 28.6 | AN14: =IF(OR($F14="",$AL14=""),"",IF(AND(ROUND($AL14,IF($E14="",3,$E14))>=ROUND($F14-$O14,IF($E14="",3,$E14)),ROUND($AL14,IF($E14="",3,$E14))<=ROUND($F14+$O14,IF($E14="",3,$E14))),1,0)) -> 1 | AO14: =IF(OR($G14="",$AM14=""),"",IF(AND(ROUND($AM14,IF($E14="",3,$E14))>=ROUND($G14-$S14,IF($E14="",3,$E14)),ROUND($AM14,IF($E14="",3,$E14))<=ROUND($G14+$S14,IF($E14="",3,$E14))),1,0)) -> 1
B15: Testcase1 | C15: n/a | D15: 5000 | E15: 1 | F15: 10.2 | G15: 29.8 | H15: =IFERROR(SQRT(EXP(((LN(G15)-LN(IF(OR(F15="",F15=0),IF(G15="","",0.15*G15),F15)))/3.92)^2)-1),"") -> 0.27869539 | I15: =IFERROR(((SQRT(H15*100-0.25))/100),"") -> 0.052554295 | J15: =IFERROR(EXP((IF(OR(F15="",F15=0),LN(G15*0.15),LN(F15))+LN(G15))/2),"") -> 17.434449 | K15: =IFERROR(I15*J15,"") -> 0.91625516 | L15: =IFERROR((K15-0.2*K15)/J15,"") -> 0.042043436 | M15: =IFERROR(0.2*K15,"") -> 0.18325103 | N15: =IFERROR(IF(F15="","",F15*L15+M15),"") -> 0.61209408 | O15: =IFERROR($G$8*N15,"") -> 1.0068052 | P15: =IFERROR(CONCATENATE(ROUND(F15-O15,IF(E15="",3,E15))," to ",ROUND(F15+O15,IF(E15="",3,E15))),"") -> 9,2 to 11,2 | R15: =IFERROR(IF(G15="","",G15*L15+M15),"") -> 1.4361454 | S15: =IFERROR($G$8*R15,"") -> 2.362249 | T15: =IFERROR(CONCATENATE(ROUND(G15-S15,IF(E15="",3,E15))," to ",ROUND(G15+S15,IF(E15="",3,E15))),"") -> 27,4 to 32,2 | V15: 10.9 | W15: 30.6 | X15: =IF(OR($F15="",$V15=""),"",IF(AND(ROUND($V15,IF($E15="",3,$E15))>=ROUND($F15-$O15,IF($E15="",3,$E15)),ROUND($V15,IF($E15="",3,$E15))<=ROUND($F15+$O15,IF($E15="",3,$E15))),1,0)) -> 1 | Y15: =IF(OR($G15="",$W15=""),"",IF(AND(ROUND($W15,IF($E15="",3,$E15))>=ROUND($G15-$S15,IF($E15="",3,$E15)),ROUND($W15,IF($E15="",3,$E15))<=ROUND($G15+$S15,IF($E15="",3,$E15))),1,0)) -> 1 | Z15: 10.2 | AA15: 29.7 | AB15: =IF(OR($F15="",$Z15=""),"",IF(AND(ROUND($Z15,IF($E15="",3,$E15))>=ROUND($F15-$O15,IF($E15="",3,$E15)),ROUND($Z15,IF($E15="",3,$E15))<=ROUND($F15+$O15,IF($E15="",3,$E15))),1,0)) -> 1 | AC15: =IF(OR($G15="",$AA15=""),"",IF(AND(ROUND($AA15,IF($E15="",3,$E15))>=ROUND($G15-$S15,IF($E15="",3,$E15)),ROUND($AA15,IF($E15="",3,$E15))<=ROUND($G15+$S15,IF($E15="",3,$E15))),1,0)) -> 1 | AD15: 10.4 | AE15: 29.8 | AF15: =IF(OR($F15="",$AD15=""),"",IF(AND(ROUND($AD15,IF($E15="",3,$E15))>=ROUND($F15-$O15,IF($E15="",3,$E15)),ROUND($AD15,IF($E15="",3,$E15))<=ROUND($F15+$O15,IF($E15="",3,$E15))),1,0)) -> 1 | AG15: =IF(OR($G15="",$AE15=""),"",IF(AND(ROUND($AE15,IF($E15="",3,$E15))>=ROUND($G15-$S15,IF($E15="",3,$E15)),ROUND($AE15,IF($E15="",3,$E15))<=ROUND($G15+$S15,IF($E15="",3,$E15))),1,0)) -> 1 | AH15: 11.9 | AI15: 38.2 | AJ15: =IF(OR($F15="",$AH15=""),"",IF(AND(ROUND($AH15,IF($E15="",3,$E15))>=ROUND($F15-$O15,IF($E15="",3,$E15)),ROUND($AH15,IF($E15="",3,$E15))<=ROUND($F15+$O15,IF($E15="",3,$E15))),1,0)) -> 0 | AK15: =IF(OR($G15="",$AI15=""),"",IF(AND(ROUND($AI15,IF($E15="",3,$E15))>=ROUND($G15-$S15,IF($E15="",3,$E15)),ROUND($AI15,IF($E15="",3,$E15))<=ROUND($G15+$S15,IF($E15="",3,$E15))),1,0)) -> 0 | AL15: 10.3 | AM15: 29.6 | AN15: =IF(OR($F15="",$AL15=""),"",IF(AND(ROUND($AL15,IF($E15="",3,$E15))>=ROUND($F15-$O15,IF($E15="",3,$E15)),ROUND($AL15,IF($E15="",3,$E15))<=ROUND($F15+$O15,IF($E15="",3,$E15))),1,0)) -> 1 | AO15: =IF(OR($G15="",$AM15=""),"",IF(AND(ROUND($AM15,IF($E15="",3,$E15))>=ROUND($G15-$S15,IF($E15="",3,$E15)),ROUND($AM15,IF($E15="",3,$E15))<=ROUND($G15+$S15,IF($E15="",3,$E15))),1,0)) -> 1
B16: Testcase1 | C16: n/a | D16: 10000 | E16: 1 | F16: 10.2 | G16: 29.8 | H16: =IFERROR(SQRT(EXP(((LN(G16)-LN(IF(OR(F16="",F16=0),IF(G16="","",0.15*G16),F16)))/3.92)^2)-1),"") -> 0.27869539 | I16: =IFERROR(((SQRT(H16*100-0.25))/100),"") -> 0.052554295 | J16: =IFERROR(EXP((IF(OR(F16="",F16=0),LN(G16*0.15),LN(F16))+LN(G16))/2),"") -> 17.434449 | K16: =IFERROR(I16*J16,"") -> 0.91625516 | L16: =IFERROR((K16-0.2*K16)/J16,"") -> 0.042043436 | M16: =IFERROR(0.2*K16,"") -> 0.18325103 | N16: =IFERROR(IF(F16="","",F16*L16+M16),"") -> 0.61209408 | O16: =IFERROR($G$8*N16,"") -> 1.0068052 | P16: =IFERROR(CONCATENATE(ROUND(F16-O16,IF(E16="",3,E16))," to ",ROUND(F16+O16,IF(E16="",3,E16))),"") -> 9,2 to 11,2 | R16: =IFERROR(IF(G16="","",G16*L16+M16),"") -> 1.4361454 | S16: =IFERROR($G$8*R16,"") -> 2.362249 | T16: =IFERROR(CONCATENATE(ROUND(G16-S16,IF(E16="",3,E16))," to ",ROUND(G16+S16,IF(E16="",3,E16))),"") -> 27,4 to 32,2 | V16: 13 | W16: 31.6 | X16: =IF(OR($F16="",$V16=""),"",IF(AND(ROUND($V16,IF($E16="",3,$E16))>=ROUND($F16-$O16,IF($E16="",3,$E16)),ROUND($V16,IF($E16="",3,$E16))<=ROUND($F16+$O16,IF($E16="",3,$E16))),1,0)) -> 0 | Y16: =IF(OR($G16="",$W16=""),"",IF(AND(ROUND($W16,IF($E16="",3,$E16))>=ROUND($G16-$S16,IF($E16="",3,$E16)),ROUND($W16,IF($E16="",3,$E16))<=ROUND($G16+$S16,IF($E16="",3,$E16))),1,0)) -> 1 | Z16: 10.3 | AA16: 29.9 | AB16: =IF(OR($F16="",$Z16=""),"",IF(AND(ROUND($Z16,IF($E16="",3,$E16))>=ROUND($F16-$O16,IF($E16="",3,$E16)),ROUND($Z16,IF($E16="",3,$E16))<=ROUND($F16+$O16,IF($E16="",3,$E16))),1,0)) -> 1 | AC16: =IF(OR($G16="",$AA16=""),"",IF(AND(ROUND($AA16,IF($E16="",3,$E16))>=ROUND($G16-$S16,IF($E16="",3,$E16)),ROUND($AA16,IF($E16="",3,$E16))<=ROUND($G16+$S16,IF($E16="",3,$E16))),1,0)) -> 1 | AD16: 10.3 | AE16: 29.8 | AF16: =IF(OR($F16="",$AD16=""),"",IF(AND(ROUND($AD16,IF($E16="",3,$E16))>=ROUND($F16-$O16,IF($E16="",3,$E16)),ROUND($AD16,IF($E16="",3,$E16))<=ROUND($F16+$O16,IF($E16="",3,$E16))),1,0)) -> 1 | AG16: =IF(OR($G16="",$AE16=""),"",IF(AND(ROUND($AE16,IF($E16="",3,$E16))>=ROUND($G16-$S16,IF($E16="",3,$E16)),ROUND($AE16,IF($E16="",3,$E16))<=ROUND($G16+$S16,IF($E16="",3,$E16))),1,0)) -> 1 | AH16: 12 | AI16: 37.8 | AJ16: =IF(OR($F16="",$AH16=""),"",IF(AND(ROUND($AH16,IF($E16="",3,$E16))>=ROUND($F16-$O16,IF($E16="",3,$E16)),ROUND($AH16,IF($E16="",3,$E16))<=ROUND($F16+$O16,IF($E16="",3,$E16))),1,0)) -> 0 | AK16: =IF(OR($G16="",$AI16=""),"",IF(AND(ROUND($AI16,IF($E16="",3,$E16))>=ROUND($G16-$S16,IF($E16="",3,$E16)),ROUND($AI16,IF($E16="",3,$E16))<=ROUND($G16+$S16,IF($E16="",3,$E16))),1,0)) -> 0 | AL16: 10.4 | AM16: 29.5 | AN16: =IF(OR($F16="",$AL16=""),"",IF(AND(ROUND($AL16,IF($E16="",3,$E16))>=ROUND($F16-$O16,IF($E16="",3,$E16)),ROUND($AL16,IF($E16="",3,$E16))<=ROUND($F16+$O16,IF($E16="",3,$E16))),1,0)) -> 1 | AO16: =IF(OR($G16="",$AM16=""),"",IF(AND(ROUND($AM16,IF($E16="",3,$E16))>=ROUND($G16-$S16,IF($E16="",3,$E16)),ROUND($AM16,IF($E16="",3,$E16))<=ROUND($G16+$S16,IF($E16="",3,$E16))),1,0)) -> 1
B17: Testcase2 | C17: n/a | D17: 500 | E17: 1 | F17: 59.8 | G17: 160 | H17: =IFERROR(SQRT(EXP(((LN(G17)-LN(IF(OR(F17="",F17=0),IF(G17="","",0.15*G17),F17)))/3.92)^2)-1),"") -> 0.25507206 | I17: =IFERROR(((SQRT(H17*100-0.25))/100),"") -> 0.050256548 | J17: =IFERROR(EXP((IF(OR(F17="",F17=0),LN(G17*0.15),LN(F17))+LN(G17))/2),"") -> 97.816154 | K17: =IFERROR(I17*J17,"") -> 4.9159022 | L17: =IFERROR((K17-0.2*K17)/J17,"") -> 0.040205238 | M17: =IFERROR(0.2*K17,"") -> 0.98318044 | N17: =IFERROR(IF(F17="","",F17*L17+M17),"") -> 3.3874537 | O17: =IFERROR($G$8*N17,"") -> 5.5718655 | P17: =IFERROR(CONCATENATE(ROUND(F17-O17,IF(E17="",3,E17))," to ",ROUND(F17+O17,IF(E17="",3,E17))),"") -> 54,2 to 65,4 | R17: =IFERROR(IF(G17="","",G17*L17+M17),"") -> 7.4160185 | S17: =IFERROR($G$8*R17,"") -> 12.198265 | T17: =IFERROR(CONCATENATE(ROUND(G17-S17,IF(E17="",3,E17))," to ",ROUND(G17+S17,IF(E17="",3,E17))),"") -> 147,8 to 172,2 | V17: 46.7 | W17: 161 | X17: =IF(OR($F17="",$V17=""),"",IF(AND(ROUND($V17,IF($E17="",3,$E17))>=ROUND($F17-$O17,IF($E17="",3,$E17)),ROUND($V17,IF($E17="",3,$E17))<=ROUND($F17+$O17,IF($E17="",3,$E17))),1,0)) -> 0 | Y17: =IF(OR($G17="",$W17=""),"",IF(AND(ROUND($W17,IF($E17="",3,$E17))>=ROUND($G17-$S17,IF($E17="",3,$E17)),ROUND($W17,IF($E17="",3,$E17))<=ROUND($G17+$S17,IF($E17="",3,$E17))),1,0)) -> 1 | Z17: 40 | AA17: 168 | AB17: =IF(OR($F17="",$Z17=""),"",IF(AND(ROUND($Z17,IF($E17="",3,$E17))>=ROUND($F17-$O17,IF($E17="",3,$E17)),ROUND($Z17,IF($E17="",3,$E17))<=ROUND($F17+$O17,IF($E17="",3,$E17))),1,0)) -> 0 | AC17: =IF(OR($G17="",$AA17=""),"",IF(AND(ROUND($AA17,IF($E17="",3,$E17))>=ROUND($G17-$S17,IF($E17="",3,$E17)),ROUND($AA17,IF($E17="",3,$E17))<=ROUND($G17+$S17,IF($E17="",3,$E17))),1,0)) -> 1 | AD17: 52.1 | AE17: 183 | AF17: =IF(OR($F17="",$AD17=""),"",IF(AND(ROUND($AD17,IF($E17="",3,$E17))>=ROUND($F17-$O17,IF($E17="",3,$E17)),ROUND($AD17,IF($E17="",3,$E17))<=ROUND($F17+$O17,IF($E17="",3,$E17))),1,0)) -> 0 | AG17: =IF(OR($G17="",$AE17=""),"",IF(AND(ROUND($AE17,IF($E17="",3,$E17))>=ROUND($G17-$S17,IF($E17="",3,$E17)),ROUND($AE17,IF($E17="",3,$E17))<=ROUND($G17+$S17,IF($E17="",3,$E17))),1,0)) -> 0 | AH17: 54 | AI17: 180 | AJ17: =IF(OR($F17="",$AH17=""),"",IF(AND(ROUND($AH17,IF($E17="",3,$E17))>=ROUND($F17-$O17,IF($E17="",3,$E17)),ROUND($AH17,IF($E17="",3,$E17))<=ROUND($F17+$O17,IF($E17="",3,$E17))),1,0)) -> 0 | AK17: =IF(OR($G17="",$AI17=""),"",IF(AND(ROUND($AI17,IF($E17="",3,$E17))>=ROUND($G17-$S17,IF($E17="",3,$E17)),ROUND($AI17,IF($E17="",3,$E17))<=ROUND($G17+$S17,IF($E17="",3,$E17))),1,0)) -> 0 | AL17: 56 | AM17: 174.8 | AN17: =IF(OR($F17="",$AL17=""),"",IF(AND(ROUND($AL17,IF($E17="",3,$E17))>=ROUND($F17-$O17,IF($E17="",3,$E17)),ROUND($AL17,IF($E17="",3,$E17))<=ROUND($F17+$O17,IF($E17="",3,$E17))),1,0)) -> 1 | AO17: =IF(OR($G17="",$AM17=""),"",IF(AND(ROUND($AM17,IF($E17="",3,$E17))>=ROUND($G17-$S17,IF($E17="",3,$E17)),ROUND($AM17,IF($E17="",3,$E17))<=ROUND($G17+$S17,IF($E17="",3,$E17))),1,0)) -> 0
B18: Testcase2 | C18: n/a | D18: 1000 | E18: 1 | F18: 59.8 | G18: 160 | H18: =IFERROR(SQRT(EXP(((LN(G18)-LN(IF(OR(F18="",F18=0),IF(G18="","",0.15*G18),F18)))/3.92)^2)-1),"") -> 0.25507206 | I18: =IFERROR(((SQRT(H18*100-0.25))/100),"") -> 0.050256548 | J18: =IFERROR(EXP((IF(OR(F18="",F18=0),LN(G18*0.15),LN(F18))+LN(G18))/2),"") -> 97.816154 | K18: =IFERROR(I18*J18,"") -> 4.9159022 | L18: =IFERROR((K18-0.2*K18)/J18,"") -> 0.040205238 | M18: =IFERROR(0.2*K18,"") -> 0.98318044 | N18: =IFERROR(IF(F18="","",F18*L18+M18),"") -> 3.3874537 | O18: =IFERROR($G$8*N18,"") -> 5.5718655 | P18: =IFERROR(CONCATENATE(ROUND(F18-O18,IF(E18="",3,E18))," to ",ROUND(F18+O18,IF(E18="",3,E18))),"") -> 54,2 to 65,4 | R18: =IFERROR(IF(G18="","",G18*L18+M18),"") -> 7.4160185 | S18: =IFERROR($G$8*R18,"") -> 12.198265 | T18: =IFERROR(CONCATENATE(ROUND(G18-S18,IF(E18="",3,E18))," to ",ROUND(G18+S18,IF(E18="",3,E18))),"") -> 147,8 to 172,2 | V18: 44.9 | W18: 148 | X18: =IF(OR($F18="",$V18=""),"",IF(AND(ROUND($V18,IF($E18="",3,$E18))>=ROUND($F18-$O18,IF($E18="",3,$E18)),ROUND($V18,IF($E18="",3,$E18))<=ROUND($F18+$O18,IF($E18="",3,$E18))),1,0)) -> 0 | Y18: =IF(OR($G18="",$W18=""),"",IF(AND(ROUND($W18,IF($E18="",3,$E18))>=ROUND($G18-$S18,IF($E18="",3,$E18)),ROUND($W18,IF($E18="",3,$E18))<=ROUND($G18+$S18,IF($E18="",3,$E18))),1,0)) -> 1 | Z18: 36.8 | AA18: 158 | AB18: =IF(OR($F18="",$Z18=""),"",IF(AND(ROUND($Z18,IF($E18="",3,$E18))>=ROUND($F18-$O18,IF($E18="",3,$E18)),ROUND($Z18,IF($E18="",3,$E18))<=ROUND($F18+$O18,IF($E18="",3,$E18))),1,0)) -> 0 | AC18: =IF(OR($G18="",$AA18=""),"",IF(AND(ROUND($AA18,IF($E18="",3,$E18))>=ROUND($G18-$S18,IF($E18="",3,$E18)),ROUND($AA18,IF($E18="",3,$E18))<=ROUND($G18+$S18,IF($E18="",3,$E18))),1,0)) -> 1 | AD18: 45.8 | AE18: 172 | AF18: =IF(OR($F18="",$AD18=""),"",IF(AND(ROUND($AD18,IF($E18="",3,$E18))>=ROUND($F18-$O18,IF($E18="",3,$E18)),ROUND($AD18,IF($E18="",3,$E18))<=ROUND($F18+$O18,IF($E18="",3,$E18))),1,0)) -> 0 | AG18: =IF(OR($G18="",$AE18=""),"",IF(AND(ROUND($AE18,IF($E18="",3,$E18))>=ROUND($G18-$S18,IF($E18="",3,$E18)),ROUND($AE18,IF($E18="",3,$E18))<=ROUND($G18+$S18,IF($E18="",3,$E18))),1,0)) -> 1 | AH18: 60 | AI18: 162 | AJ18: =IF(OR($F18="",$AH18=""),"",IF(AND(ROUND($AH18,IF($E18="",3,$E18))>=ROUND($F18-$O18,IF($E18="",3,$E18)),ROUND($AH18,IF($E18="",3,$E18))<=ROUND($F18+$O18,IF($E18="",3,$E18))),1,0)) -> 1 | AK18: =IF(OR($G18="",$AI18=""),"",IF(AND(ROUND($AI18,IF($E18="",3,$E18))>=ROUND($G18-$S18,IF($E18="",3,$E18)),ROUND($AI18,IF($E18="",3,$E18))<=ROUND($G18+$S18,IF($E18="",3,$E18))),1,0)) -> 1 | AL18: 62.9 | AM18: 162.1 | AN18: =IF(OR($F18="",$AL18=""),"",IF(AND(ROUND($AL18,IF($E18="",3,$E18))>=ROUND($F18-$O18,IF($E18="",3,$E18)),ROUND($AL18,IF($E18="",3,$E18))<=ROUND($F18+$O18,IF($E18="",3,$E18))),1,0)) -> 1 | AO18: =IF(OR($G18="",$AM18=""),"",IF(AND(ROUND($AM18,IF($E18="",3,$E18))>=ROUND($G18-$S18,IF($E18="",3,$E18)),ROUND($AM18,IF($E18="",3,$E18))<=ROUND($G18+$S18,IF($E18="",3,$E18))),1,0)) -> 1
B19: Testcase2 | C19: n/a | D19: 5000 | E19: 1 | F19: 59.8 | G19: 160 | H19: =IFERROR(SQRT(EXP(((LN(G19)-LN(IF(OR(F19="",F19=0),IF(G19="","",0.15*G19),F19)))/3.92)^2)-1),"") -> 0.25507206 | I19: =IFERROR(((SQRT(H19*100-0.25))/100),"") -> 0.050256548 | J19: =IFERROR(EXP((IF(OR(F19="",F19=0),LN(G19*0.15),LN(F19))+LN(G19))/2),"") -> 97.816154 | K19: =IFERROR(I19*J19,"") -> 4.9159022 | L19: =IFERROR((K19-0.2*K19)/J19,"") -> 0.040205238 | M19: =IFERROR(0.2*K19,"") -> 0.98318044 | N19: =IFERROR(IF(F19="","",F19*L19+M19),"") -> 3.3874537 | O19: =IFERROR($G$8*N19,"") -> 5.5718655 | P19: =IFERROR(CONCATENATE(ROUND(F19-O19,IF(E19="",3,E19))," to ",ROUND(F19+O19,IF(E19="",3,E19))),"") -> 54,2 to 65,4 | R19: =IFERROR(IF(G19="","",G19*L19+M19),"") -> 7.4160185 | S19: =IFERROR($G$8*R19,"") -> 12.198265 | T19: =IFERROR(CONCATENATE(ROUND(G19-S19,IF(E19="",3,E19))," to ",ROUND(G19+S19,IF(E19="",3,E19))),"") -> 147,8 to 172,2 | V19: 46.3 | W19: 149 | X19: =IF(OR($F19="",$V19=""),"",IF(AND(ROUND($V19,IF($E19="",3,$E19))>=ROUND($F19-$O19,IF($E19="",3,$E19)),ROUND($V19,IF($E19="",3,$E19))<=ROUND($F19+$O19,IF($E19="",3,$E19))),1,0)) -> 0 | Y19: =IF(OR($G19="",$W19=""),"",IF(AND(ROUND($W19,IF($E19="",3,$E19))>=ROUND($G19-$S19,IF($E19="",3,$E19)),ROUND($W19,IF($E19="",3,$E19))<=ROUND($G19+$S19,IF($E19="",3,$E19))),1,0)) -> 1 | Z19: 43.6 | AA19: 151 | AB19: =IF(OR($F19="",$Z19=""),"",IF(AND(ROUND($Z19,IF($E19="",3,$E19))>=ROUND($F19-$O19,IF($E19="",3,$E19)),ROUND($Z19,IF($E19="",3,$E19))<=ROUND($F19+$O19,IF($E19="",3,$E19))),1,0)) -> 0 | AC19: =IF(OR($G19="",$AA19=""),"",IF(AND(ROUND($AA19,IF($E19="",3,$E19))>=ROUND($G19-$S19,IF($E19="",3,$E19)),ROUND($AA19,IF($E19="",3,$E19))<=ROUND($G19+$S19,IF($E19="",3,$E19))),1,0)) -> 1 | AD19: 53.3 | AE19: 161 | AF19: =IF(OR($F19="",$AD19=""),"",IF(AND(ROUND($AD19,IF($E19="",3,$E19))>=ROUND($F19-$O19,IF($E19="",3,$E19)),ROUND($AD19,IF($E19="",3,$E19))<=ROUND($F19+$O19,IF($E19="",3,$E19))),1,0)) -> 0 | AG19: =IF(OR($G19="",$AE19=""),"",IF(AND(ROUND($AE19,IF($E19="",3,$E19))>=ROUND($G19-$S19,IF($E19="",3,$E19)),ROUND($AE19,IF($E19="",3,$E19))<=ROUND($G19+$S19,IF($E19="",3,$E19))),1,0)) -> 1 | AH19: 61 | AI19: 163 | AJ19: =IF(OR($F19="",$AH19=""),"",IF(AND(ROUND($AH19,IF($E19="",3,$E19))>=ROUND($F19-$O19,IF($E19="",3,$E19)),ROUND($AH19,IF($E19="",3,$E19))<=ROUND($F19+$O19,IF($E19="",3,$E19))),1,0)) -> 1 | AK19: =IF(OR($G19="",$AI19=""),"",IF(AND(ROUND($AI19,IF($E19="",3,$E19))>=ROUND($G19-$S19,IF($E19="",3,$E19)),ROUND($AI19,IF($E19="",3,$E19))<=ROUND($G19+$S19,IF($E19="",3,$E19))),1,0)) -> 1 | AL19: 63.5 | AM19: 158.9 | AN19: =IF(OR($F19="",$AL19=""),"",IF(AND(ROUND($AL19,IF($E19="",3,$E19))>=ROUND($F19-$O19,IF($E19="",3,$E19)),ROUND($AL19,IF($E19="",3,$E19))<=ROUND($F19+$O19,IF($E19="",3,$E19))),1,0)) -> 1 | AO19: =IF(OR($G19="",$AM19=""),"",IF(AND(ROUND($AM19,IF($E19="",3,$E19))>=ROUND($G19-$S19,IF($E19="",3,$E19)),ROUND($AM19,IF($E19="",3,$E19))<=ROUND($G19+$S19,IF($E19="",3,$E19))),1,0)) -> 1
B20: Testcase2 | C20: n/a | D20: 10000 | E20: 1 | F20: 59.8 | G20: 160 | H20: =IFERROR(SQRT(EXP(((LN(G20)-LN(IF(OR(F20="",F20=0),IF(G20="","",0.15*G20),F20)))/3.92)^2)-1),"") -> 0.25507206 | I20: =IFERROR(((SQRT(H20*100-0.25))/100),"") -> 0.050256548 | J20: =IFERROR(EXP((IF(OR(F20="",F20=0),LN(G20*0.15),LN(F20))+LN(G20))/2),"") -> 97.816154 | K20: =IFERROR(I20*J20,"") -> 4.9159022 | L20: =IFERROR((K20-0.2*K20)/J20,"") -> 0.040205238 | M20: =IFERROR(0.2*K20,"") -> 0.98318044 | N20: =IFERROR(IF(F20="","",F20*L20+M20),"") -> 3.3874537 | O20: =IFERROR($G$8*N20,"") -> 5.5718655 | P20: =IFERROR(CONCATENATE(ROUND(F20-O20,IF(E20="",3,E20))," to ",ROUND(F20+O20,IF(E20="",3,E20))),"") -> 54,2 to 65,4 | R20: =IFERROR(IF(G20="","",G20*L20+M20),"") -> 7.4160185 | S20: =IFERROR($G$8*R20,"") -> 12.198265 | T20: =IFERROR(CONCATENATE(ROUND(G20-S20,IF(E20="",3,E20))," to ",ROUND(G20+S20,IF(E20="",3,E20))),"") -> 147,8 to 172,2 | V20: 48.1 | W20: 152 | X20: =IF(OR($F20="",$V20=""),"",IF(AND(ROUND($V20,IF($E20="",3,$E20))>=ROUND($F20-$O20,IF($E20="",3,$E20)),ROUND($V20,IF($E20="",3,$E20))<=ROUND($F20+$O20,IF($E20="",3,$E20))),1,0)) -> 0 | Y20: =IF(OR($G20="",$W20=""),"",IF(AND(ROUND($W20,IF($E20="",3,$E20))>=ROUND($G20-$S20,IF($E20="",3,$E20)),ROUND($W20,IF($E20="",3,$E20))<=ROUND($G20+$S20,IF($E20="",3,$E20))),1,0)) -> 1 | Z20: 52 | AA20: 157 | AB20: =IF(OR($F20="",$Z20=""),"",IF(AND(ROUND($Z20,IF($E20="",3,$E20))>=ROUND($F20-$O20,IF($E20="",3,$E20)),ROUND($Z20,IF($E20="",3,$E20))<=ROUND($F20+$O20,IF($E20="",3,$E20))),1,0)) -> 0 | AC20: =IF(OR($G20="",$AA20=""),"",IF(AND(ROUND($AA20,IF($E20="",3,$E20))>=ROUND($G20-$S20,IF($E20="",3,$E20)),ROUND($AA20,IF($E20="",3,$E20))<=ROUND($G20+$S20,IF($E20="",3,$E20))),1,0)) -> 1 | AD20: 37.2 | AE20: 199 | AF20: =IF(OR($F20="",$AD20=""),"",IF(AND(ROUND($AD20,IF($E20="",3,$E20))>=ROUND($F20-$O20,IF($E20="",3,$E20)),ROUND($AD20,IF($E20="",3,$E20))<=ROUND($F20+$O20,IF($E20="",3,$E20))),1,0)) -> 0 | AG20: =IF(OR($G20="",$AE20=""),"",IF(AND(ROUND($AE20,IF($E20="",3,$E20))>=ROUND($G20-$S20,IF($E20="",3,$E20)),ROUND($AE20,IF($E20="",3,$E20))<=ROUND($G20+$S20,IF($E20="",3,$E20))),1,0)) -> 0 | AH20: 60 | AI20: 168 | AJ20: =IF(OR($F20="",$AH20=""),"",IF(AND(ROUND($AH20,IF($E20="",3,$E20))>=ROUND($F20-$O20,IF($E20="",3,$E20)),ROUND($AH20,IF($E20="",3,$E20))<=ROUND($F20+$O20,IF($E20="",3,$E20))),1,0)) -> 1 | AK20: =IF(OR($G20="",$AI20=""),"",IF(AND(ROUND($AI20,IF($E20="",3,$E20))>=ROUND($G20-$S20,IF($E20="",3,$E20)),ROUND($AI20,IF($E20="",3,$E20))<=ROUND($G20+$S20,IF($E20="",3,$E20))),1,0)) -> 1 | AL20: 58.3 | AM20: 161.1 | AN20: =IF(OR($F20="",$AL20=""),"",IF(AND(ROUND($AL20,IF($E20="",3,$E20))>=ROUND($F20-$O20,IF($E20="",3,$E20)),ROUND($AL20,IF($E20="",3,$E20))<=ROUND($F20+$O20,IF($E20="",3,$E20))),1,0)) -> 1 | AO20: =IF(OR($G20="",$AM20=""),"",IF(AND(ROUND($AM20,IF($E20="",3,$E20))>=ROUND($G20-$S20,IF($E20="",3,$E20)),ROUND($AM20,IF($E20="",3,$E20))<=ROUND($G20+$S20,IF($E20="",3,$E20))),1,0)) -> 1
B21: Testcase2 | C21: n/a | D21: 50000 | E21: 1 | F21: 59.8 | G21: 160 | H21: =IFERROR(SQRT(EXP(((LN(G21)-LN(IF(OR(F21="",F21=0),IF(G21="","",0.15*G21),F21)))/3.92)^2)-1),"") -> 0.25507206 | I21: =IFERROR(((SQRT(H21*100-0.25))/100),"") -> 0.050256548 | J21: =IFERROR(EXP((IF(OR(F21="",F21=0),LN(G21*0.15),LN(F21))+LN(G21))/2),"") -> 97.816154 | K21: =IFERROR(I21*J21,"") -> 4.9159022 | L21: =IFERROR((K21-0.2*K21)/J21,"") -> 0.040205238 | M21: =IFERROR(0.2*K21,"") -> 0.98318044 | N21: =IFERROR(IF(F21="","",F21*L21+M21),"") -> 3.3874537 | O21: =IFERROR($G$8*N21,"") -> 5.5718655 | P21: =IFERROR(CONCATENATE(ROUND(F21-O21,IF(E21="",3,E21))," to ",ROUND(F21+O21,IF(E21="",3,E21))),"") -> 54,2 to 65,4 | R21: =IFERROR(IF(G21="","",G21*L21+M21),"") -> 7.4160185 | S21: =IFERROR($G$8*R21,"") -> 12.198265 | T21: =IFERROR(CONCATENATE(ROUND(G21-S21,IF(E21="",3,E21))," to ",ROUND(G21+S21,IF(E21="",3,E21))),"") -> 147,8 to 172,2 | V21: 51.9 | W21: 158 | X21: =IF(OR($F21="",$V21=""),"",IF(AND(ROUND($V21,IF($E21="",3,$E21))>=ROUND($F21-$O21,IF($E21="",3,$E21)),ROUND($V21,IF($E21="",3,$E21))<=ROUND($F21+$O21,IF($E21="",3,$E21))),1,0)) -> 0 | Y21: =IF(OR($G21="",$W21=""),"",IF(AND(ROUND($W21,IF($E21="",3,$E21))>=ROUND($G21-$S21,IF($E21="",3,$E21)),ROUND($W21,IF($E21="",3,$E21))<=ROUND($G21+$S21,IF($E21="",3,$E21))),1,0)) -> 1 | Z21: 55.7 | AA21: 160 | AB21: =IF(OR($F21="",$Z21=""),"",IF(AND(ROUND($Z21,IF($E21="",3,$E21))>=ROUND($F21-$O21,IF($E21="",3,$E21)),ROUND($Z21,IF($E21="",3,$E21))<=ROUND($F21+$O21,IF($E21="",3,$E21))),1,0)) -> 1 | AC21: =IF(OR($G21="",$AA21=""),"",IF(AND(ROUND($AA21,IF($E21="",3,$E21))>=ROUND($G21-$S21,IF($E21="",3,$E21)),ROUND($AA21,IF($E21="",3,$E21))<=ROUND($G21+$S21,IF($E21="",3,$E21))),1,0)) -> 1 | AD21: 37.1 | AE21: 201 | AF21: =IF(OR($F21="",$AD21=""),"",IF(AND(ROUND($AD21,IF($E21="",3,$E21))>=ROUND($F21-$O21,IF($E21="",3,$E21)),ROUND($AD21,IF($E21="",3,$E21))<=ROUND($F21+$O21,IF($E21="",3,$E21))),1,0)) -> 0 | AG21: =IF(OR($G21="",$AE21=""),"",IF(AND(ROUND($AE21,IF($E21="",3,$E21))>=ROUND($G21-$S21,IF($E21="",3,$E21)),ROUND($AE21,IF($E21="",3,$E21))<=ROUND($G21+$S21,IF($E21="",3,$E21))),1,0)) -> 0 | AH21: 60 | AI21: 171 | AJ21: =IF(OR($F21="",$AH21=""),"",IF(AND(ROUND($AH21,IF($E21="",3,$E21))>=ROUND($F21-$O21,IF($E21="",3,$E21)),ROUND($AH21,IF($E21="",3,$E21))<=ROUND($F21+$O21,IF($E21="",3,$E21))),1,0)) -> 1 | AK21: =IF(OR($G21="",$AI21=""),"",IF(AND(ROUND($AI21,IF($E21="",3,$E21))>=ROUND($G21-$S21,IF($E21="",3,$E21)),ROUND($AI21,IF($E21="",3,$E21))<=ROUND($G21+$S21,IF($E21="",3,$E21))),1,0)) -> 1 | AL21: 59.3 | AM21: 164 | AN21: =IF(OR($F21="",$AL21=""),"",IF(AND(ROUND($AL21,IF($E21="",3,$E21))>=ROUND($F21-$O21,IF($E21="",3,$E21)),ROUND($AL21,IF($E21="",3,$E21))<=ROUND($F21+$O21,IF($E21="",3,$E21))),1,0)) -> 1 | AO21: =IF(OR($G21="",$AM21=""),"",IF(AND(ROUND($AM21,IF($E21="",3,$E21))>=ROUND($G21-$S21,IF($E21="",3,$E21)),ROUND($AM21,IF($E21="",3,$E21))<=ROUND($G21+$S21,IF($E21="",3,$E21))),1,0)) -> 1
B22: Testcase4 | C22: n/a | D22: 500 | E22: 0 | F22: 10 | G22: 50 | H22: =IFERROR(SQRT(EXP(((LN(G22)-LN(IF(OR(F22="",F22=0),IF(G22="","",0.15*G22),F22)))/3.92)^2)-1),"") -> 0.4284965 | I22: =IFERROR(((SQRT(H22*100-0.25))/100),"") -> 0.065268408 | J22: =IFERROR(EXP((IF(OR(F22="",F22=0),LN(G22*0.15),LN(F22))+LN(G22))/2),"") -> 22.36068 | K22: =IFERROR(I22*J22,"") -> 1.459446 | L22: =IFERROR((K22-0.2*K22)/J22,"") -> 0.052214726 | M22: =IFERROR(0.2*K22,"") -> 0.29188919 | N22: =IFERROR(IF(F22="","",F22*L22+M22),"") -> 0.81403645 | O22: =IFERROR($G$8*N22,"") -> 1.3389708 | P22: =IFERROR(CONCATENATE(ROUND(F22-O22,IF(E22="",3,E22))," to ",ROUND(F22+O22,IF(E22="",3,E22))),"") -> 9 to 11 | R22: =IFERROR(IF(G22="","",G22*L22+M22),"") -> 2.9026255 | S22: =IFERROR($G$8*R22,"") -> 4.7743941 | T22: =IFERROR(CONCATENATE(ROUND(G22-S22,IF(E22="",3,E22))," to ",ROUND(G22+S22,IF(E22="",3,E22))),"") -> 45 to 55 | V22: 10 | W22: 49 | X22: =IF(OR($F22="",$V22=""),"",IF(AND(ROUND($V22,IF($E22="",3,$E22))>=ROUND($F22-$O22,IF($E22="",3,$E22)),ROUND($V22,IF($E22="",3,$E22))<=ROUND($F22+$O22,IF($E22="",3,$E22))),1,0)) -> 1 | Y22: =IF(OR($G22="",$W22=""),"",IF(AND(ROUND($W22,IF($E22="",3,$E22))>=ROUND($G22-$S22,IF($E22="",3,$E22)),ROUND($W22,IF($E22="",3,$E22))<=ROUND($G22+$S22,IF($E22="",3,$E22))),1,0)) -> 1 | Z22: 9 | AA22: 45 | AB22: =IF(OR($F22="",$Z22=""),"",IF(AND(ROUND($Z22,IF($E22="",3,$E22))>=ROUND($F22-$O22,IF($E22="",3,$E22)),ROUND($Z22,IF($E22="",3,$E22))<=ROUND($F22+$O22,IF($E22="",3,$E22))),1,0)) -> 1 | AC22: =IF(OR($G22="",$AA22=""),"",IF(AND(ROUND($AA22,IF($E22="",3,$E22))>=ROUND($G22-$S22,IF($E22="",3,$E22)),ROUND($AA22,IF($E22="",3,$E22))<=ROUND($G22+$S22,IF($E22="",3,$E22))),1,0)) -> 1 | AD22: 9 | AE22: 46 | AF22: =IF(OR($F22="",$AD22=""),"",IF(AND(ROUND($AD22,IF($E22="",3,$E22))>=ROUND($F22-$O22,IF($E22="",3,$E22)),ROUND($AD22,IF($E22="",3,$E22))<=ROUND($F22+$O22,IF($E22="",3,$E22))),1,0)) -> 1 | AG22: =IF(OR($G22="",$AE22=""),"",IF(AND(ROUND($AE22,IF($E22="",3,$E22))>=ROUND($G22-$S22,IF($E22="",3,$E22)),ROUND($AE22,IF($E22="",3,$E22))<=ROUND($G22+$S22,IF($E22="",3,$E22))),1,0)) -> 1 | AH22: 10 | AI22: 49 | AJ22: =IF(OR($F22="",$AH22=""),"",IF(AND(ROUND($AH22,IF($E22="",3,$E22))>=ROUND($F22-$O22,IF($E22="",3,$E22)),ROUND($AH22,IF($E22="",3,$E22))<=ROUND($F22+$O22,IF($E22="",3,$E22))),1,0)) -> 1 | AK22: =IF(OR($G22="",$AI22=""),"",IF(AND(ROUND($AI22,IF($E22="",3,$E22))>=ROUND($G22-$S22,IF($E22="",3,$E22)),ROUND($AI22,IF($E22="",3,$E22))<=ROUND($G22+$S22,IF($E22="",3,$E22))),1,0)) -> 1 | AL22: 8 | AM22: 50 | AN22: =IF(OR($F22="",$AL22=""),"",IF(AND(ROUND($AL22,IF($E22="",3,$E22))>=ROUND($F22-$O22,IF($E22="",3,$E22)),ROUND($AL22,IF($E22="",3,$E22))<=ROUND($F22+$O22,IF($E22="",3,$E22))),1,0)) -> 0 | AO22: =IF(OR($G22="",$AM22=""),"",IF(AND(ROUND($AM22,IF($E22="",3,$E22))>=ROUND($G22-$S22,IF($E22="",3,$E22)),ROUND($AM22,IF($E22="",3,$E22))<=ROUND($G22+$S22,IF($E22="",3,$E22))),1,0)) -> 1
B23: Testcase4 | C23: n/a | D23: 1000 | E23: 0 | F23: 10 | G23: 50 | H23: =IFERROR(SQRT(EXP(((LN(G23)-LN(IF(OR(F23="",F23=0),IF(G23="","",0.15*G23),F23)))/3.92)^2)-1),"") -> 0.4284965 | I23: =IFERROR(((SQRT(H23*100-0.25))/100),"") -> 0.065268408 | J23: =IFERROR(EXP((IF(OR(F23="",F23=0),LN(G23*0.15),LN(F23))+LN(G23))/2),"") -> 22.36068 | K23: =IFERROR(I23*J23,"") -> 1.459446 | L23: =IFERROR((K23-0.2*K23)/J23,"") -> 0.052214726 | M23: =IFERROR(0.2*K23,"") -> 0.29188919 | N23: =IFERROR(IF(F23="","",F23*L23+M23),"") -> 0.81403645 | O23: =IFERROR($G$8*N23,"") -> 1.3389708 | P23: =IFERROR(CONCATENATE(ROUND(F23-O23,IF(E23="",3,E23))," to ",ROUND(F23+O23,IF(E23="",3,E23))),"") -> 9 to 11 | R23: =IFERROR(IF(G23="","",G23*L23+M23),"") -> 2.9026255 | S23: =IFERROR($G$8*R23,"") -> 4.7743941 | T23: =IFERROR(CONCATENATE(ROUND(G23-S23,IF(E23="",3,E23))," to ",ROUND(G23+S23,IF(E23="",3,E23))),"") -> 45 to 55 | V23: 10 | W23: 46 | X23: =IF(OR($F23="",$V23=""),"",IF(AND(ROUND($V23,IF($E23="",3,$E23))>=ROUND($F23-$O23,IF($E23="",3,$E23)),ROUND($V23,IF($E23="",3,$E23))<=ROUND($F23+$O23,IF($E23="",3,$E23))),1,0)) -> 1 | Y23: =IF(OR($G23="",$W23=""),"",IF(AND(ROUND($W23,IF($E23="",3,$E23))>=ROUND($G23-$S23,IF($E23="",3,$E23)),ROUND($W23,IF($E23="",3,$E23))<=ROUND($G23+$S23,IF($E23="",3,$E23))),1,0)) -> 1 | Z23: 9 | AA23: 43 | AB23: =IF(OR($F23="",$Z23=""),"",IF(AND(ROUND($Z23,IF($E23="",3,$E23))>=ROUND($F23-$O23,IF($E23="",3,$E23)),ROUND($Z23,IF($E23="",3,$E23))<=ROUND($F23+$O23,IF($E23="",3,$E23))),1,0)) -> 1 | AC23: =IF(OR($G23="",$AA23=""),"",IF(AND(ROUND($AA23,IF($E23="",3,$E23))>=ROUND($G23-$S23,IF($E23="",3,$E23)),ROUND($AA23,IF($E23="",3,$E23))<=ROUND($G23+$S23,IF($E23="",3,$E23))),1,0)) -> 0 | AD23: 10 | AE23: 50 | AF23: =IF(OR($F23="",$AD23=""),"",IF(AND(ROUND($AD23,IF($E23="",3,$E23))>=ROUND($F23-$O23,IF($E23="",3,$E23)),ROUND($AD23,IF($E23="",3,$E23))<=ROUND($F23+$O23,IF($E23="",3,$E23))),1,0)) -> 1 | AG23: =IF(OR($G23="",$AE23=""),"",IF(AND(ROUND($AE23,IF($E23="",3,$E23))>=ROUND($G23-$S23,IF($E23="",3,$E23)),ROUND($AE23,IF($E23="",3,$E23))<=ROUND($G23+$S23,IF($E23="",3,$E23))),1,0)) -> 1 | AH23: 10 | AI23: 48 | AJ23: =IF(OR($F23="",$AH23=""),"",IF(AND(ROUND($AH23,IF($E23="",3,$E23))>=ROUND($F23-$O23,IF($E23="",3,$E23)),ROUND($AH23,IF($E23="",3,$E23))<=ROUND($F23+$O23,IF($E23="",3,$E23))),1,0)) -> 1 | AK23: =IF(OR($G23="",$AI23=""),"",IF(AND(ROUND($AI23,IF($E23="",3,$E23))>=ROUND($G23-$S23,IF($E23="",3,$E23)),ROUND($AI23,IF($E23="",3,$E23))<=ROUND($G23+$S23,IF($E23="",3,$E23))),1,0)) -> 1 | AL23: 9 | AM23: 50 | AN23: =IF(OR($F23="",$AL23=""),"",IF(AND(ROUND($AL23,IF($E23="",3,$E23))>=ROUND($F23-$O23,IF($E23="",3,$E23)),ROUND($AL23,IF($E23="",3,$E23))<=ROUND($F23+$O23,IF($E23="",3,$E23))),1,0)) -> 1 | AO23: =IF(OR($G23="",$AM23=""),"",IF(AND(ROUND($AM23,IF($E23="",3,$E23))>=ROUND($G23-$S23,IF($E23="",3,$E23)),ROUND($AM23,IF($E23="",3,$E23))<=ROUND($G23+$S23,IF($E23="",3,$E23))),1,0)) -> 1
... B26: Testcase4 | C26: n/a | D26: 100000 | E26: 0 | F26: 10 | G26: 50 | H26: =IFERROR(SQRT(EXP(((LN(G26)-LN(IF(OR(F26="",F26=0),IF(G26="","",0.15*G26),F26)))/3.92)^2)-1),"") -> 0.4284965 | I26: =IFERROR(((SQRT(H26*100-0.25))/100),"") -> 0.065268408 | J26: =IFERROR(EXP((IF(OR(F26="",F26=0),LN(G26*0.15),LN(F26))+LN(G26))/2),"") -> 22.36068 | K26: =IFERROR(I26*J26,"") -> 1.459446 | L26: =IFERROR((K26-0.2*K26)/J26,"") -> 0.052214726 | M26: =IFERROR(0.2*K26,"") -> 0.29188919 | N26: =IFERROR(IF(F26="","",F26*L26+M26),"") -> 0.81403645 | O26: =IFERROR($G$8*N26,"") -> 1.3389708 | P26: =IFERROR(CONCATENATE(ROUND(F26-O26,IF(E26="",3,E26))," to ",ROUND(F26+O26,IF(E26="",3,E26))),"") -> 9 to 11 | R26: =IFERROR(IF(G26="","",G26*L26+M26),"") -> 2.9026255 | S26: =IFERROR($G$8*R26,"") -> 4.7743941 | T26: =IFERROR(CONCATENATE(ROUND(G26-S26,IF(E26="",3,E26))," to ",ROUND(G26+S26,IF(E26="",3,E26))),"") -> 45 to 55 | V26: 10 | W26: 50 | X26: =IF(OR($F26="",$V26=""),"",IF(AND(ROUND($V26,IF($E26="",3,$E26))>=ROUND($F26-$O26,IF($E26="",3,$E26)),ROUND($V26,IF($E26="",3,$E26))<=ROUND($F26+$O26,IF($E26="",3,$E26))),1,0)) -> 1 | Y26: =IF(OR($G26="",$W26=""),"",IF(AND(ROUND($W26,IF($E26="",3,$E26))>=ROUND($G26-$S26,IF($E26="",3,$E26)),ROUND($W26,IF($E26="",3,$E26))<=ROUND($G26+$S26,IF($E26="",3,$E26))),1,0)) -> 1 | Z26: 10 | AA26: 50 | AB26: =IF(OR($F26="",$Z26=""),"",IF(AND(ROUND($Z26,IF($E26="",3,$E26))>=ROUND($F26-$O26,IF($E26="",3,$E26)),ROUND($Z26,IF($E26="",3,$E26))<=ROUND($F26+$O26,IF($E26="",3,$E26))),1,0)) -> 1 | AC26: =IF(OR($G26="",$AA26=""),"",IF(AND(ROUND($AA26,IF($E26="",3,$E26))>=ROUND($G26-$S26,IF($E26="",3,$E26)),ROUND($AA26,IF($E26="",3,$E26))<=ROUND($G26+$S26,IF($E26="",3,$E26))),1,0)) -> 1 | AD26: 10 | AE26: 50 | AF26: =IF(OR($F26="",$AD26=""),"",IF(AND(ROUND($AD26,IF($E26="",3,$E26))>=ROUND($F26-$O26,IF($E26="",3,$E26)),ROUND($AD26,IF($E26="",3,$E26))<=ROUND($F26+$O26,IF($E26="",3,$E26))),1,0)) -> 1 | AG26: =IF(OR($G26="",$AE26=""),"",IF(AND(ROUND($AE26,IF($E26="",3,$E26))>=ROUND($G26-$S26,IF($E26="",3,$E26)),ROUND($AE26,IF($E26="",3,$E26))<=ROUND($G26+$S26,IF($E26="",3,$E26))),1,0)) -> 1 | AH26: 10 | AI26: 50 | AJ26: =IF(OR($F26="",$AH26=""),"",IF(AND(ROUND($AH26,IF($E26="",3,$E26))>=ROUND($F26-$O26,IF($E26="",3,$E26)),ROUND($AH26,IF($E26="",3,$E26))<=ROUND($F26+$O26,IF($E26="",3,$E26))),1,0)) -> 1 | AK26: =IF(OR($G26="",$AI26=""),"",IF(AND(ROUND($AI26,IF($E26="",3,$E26))>=ROUND($G26-$S26,IF($E26="",3,$E26)),ROUND($AI26,IF($E26="",3,$E26))<=ROUND($G26+$S26,IF($E26="",3,$E26))),1,0)) -> 1 | AL26: 10 | AM26: 50 | AN26: =IF(OR($F26="",$AL26=""),"",IF(AND(ROUND($AL26,IF($E26="",3,$E26))>=ROUND($F26-$O26,IF($E26="",3,$E26)),ROUND($AL26,IF($E26="",3,$E26))<=ROUND($F26+$O26,IF($E26="",3,$E26))),1,0)) -> 1 | AO26: =IF(OR($G26="",$AM26=""),"",IF(AND(ROUND($AM26,IF($E26="",3,$E26))>=ROUND($G26-$S26,IF($E26="",3,$E26)),ROUND($AM26,IF($E26="",3,$E26))<=ROUND($G26+$S26,IF($E26="",3,$E26))),1,0)) -> 1
V27: n TML LRL within EI | X27: =SUM(X12:X26) -> 6 | Y27: =SUM(Y12:Y26) -> 13 | Z27: n refineR RLs within EI | AB27: =SUM(AB12:AB26) -> 9 | AC27: =SUM(AC12:AC26) -> 13 | AD27: n TMC RLs within EI | AF27: =SUM(AF12:AF26) -> 10 | AG27: =SUM(AG12:AG26) -> 12 | AH27: n reflimR RLs within EI | AJ27: =SUM(AJ12:AJ26) -> 10 | AK27: =SUM(AK12:AK26) -> 10 | AL27: n LabRI RLs within EI | AN27: =SUM(AN12:AN26) -> 13 | AO27: =SUM(AO12:AO26) -> 13
V28: % TML LRL within EI | X28: =IFERROR(X27/COUNT(X12:X26),"") -> 0.4 | Y28: =IFERROR(Y27/COUNT(Y12:Y26),"") -> 0.86666667 | Z28: % refineR RLs within EI | AB28: =IFERROR(AB27/COUNT(AB12:AB26),"") -> 0.6 | AC28: =IFERROR(AC27/COUNT(AC12:AC26),"") -> 0.86666667 | AD28: % TMC RLs within EI | AF28: =IFERROR(AF27/COUNT(AF12:AF26),"") -> 0.66666667 | AG28: =IFERROR(AG27/COUNT(AG12:AG26),"") -> 0.8 | AH28: % reflimR RLs within EI | AJ28: =IFERROR(AJ27/COUNT(AJ12:AJ26),"") -> 0.66666667 | AK28: =IFERROR(AK27/COUNT(AK12:AK26),"") -> 0.66666667 | AL28: % LabRI RLs within EI | AN28: =IFERROR(AN27/COUNT(AN12:AN26),"") -> 0.86666667 | AO28: =IFERROR(AO27/COUNT(AO12:AO26),"") -> 0.86666667
V29: % TML RLs within EI (overall) | X29: =IFERROR(SUM(X27:Y27)/COUNT(X12:Y26),"") -> 0.63333333 | Z29: % refineR RLs within EI (overall) | AB29: =IFERROR(SUM(AB27:AC27)/COUNT(AB12:AC26),"") -> 0.73333333 | AD29: % TMC RLs within EI (overall) | AF29: =IFERROR(SUM(AF27:AG27)/COUNT(AF12:AG26),"") -> 0.73333333 | AH29: % reflimR RLs within EI (overall) | AJ29: =IFERROR(SUM(AJ27:AK27)/COUNT(AJ12:AK26),"") -> 0.66666667 | AL29: % LabRI RLs within EI (overall) | AN29: =IFERROR(SUM(AN27:AO27)/COUNT(AN12:AO26),"") -> 0.86666667
B31: Abbreviations:
B32: LRL: lower reference limit.
B33: URL: upper reference limit.
B34: CVE: empirical biological variation coefficient derived on the logarithmic scale from the reference interval. If the LRL is unknown, it is set at 15% of the URL for the CVE calculation.
B35: pCVA: the permissible analytical coefficient of variation (CVA) at the median on the linear scale, obtained from the CVE.
B36: Medln: median of the reference interval on the logarithmic scale.
B37: pSDA,Med: permissible analytical standard deviation (SDA) at the median of the reference interval.
B38: Slope: calculated from pSDA,Med and the median of the reference interval.
B39: Intercept: related to the limit of detection. Because the limit of detection is usually unknown for the human material matrix, 20% of pSDA,Med is applied empirically here as a surrogate.
B40: pSDA,LRL: permissible analytical standard deviation at the lower reference limit.
B41: pSDA,URL: permissible analytical standard deviation at the upper reference limit.
B42: pDLRL: permissible difference (pD) for the LRL, based on Haeckel's approach, which estimates the CVE from the reference interval provided by the user.
... B55: References
B56: 1 - R. Haeckel, T. Ammer, W. Wosniok, A. Krebs, A. Torge, M. Özcürümez, A. Bertram, Age-and sex-specific reference intervals of total cholesterol, LDL cholesterol, HDL cholesterol and non-HDL cholesterol. Comparison of two algorithms for the indirect estimation of reference intervals, Journal of Laboratory Medicine 47 (2023) 55–62. https://doi.org/10.1515/labmed-2022-0147. | O56: Link
B58: 2 - R. Haeckel, K. Adeli, G. Jones, K. Sikaris, W. Wosniok, Definitions and major prerequisites of direct and indirect approaches for estimating reference limits, Clinical Chemistry and Laboratory Medicine (CCLM) 61 (2023) 402–406. https://doi.org/10.1515/cclm-2022-1061. | O58: Link
B60: 4 - R. Haeckel, W. Wosniok, T. Streichert, Review of potentials and limitations of indirect approaches for estimating reference limits/intervals of quantitative procedures in laboratory medicine, Journal of Laboratory Medicine 45 (2021) 35–53. https://doi.org/10.1515/labmed-2020-0131. | O60: Link
B62: 5 - E. Gurr, R. Haeckel, M. Orth, T. Streichert, Festlegung der zulässigen Messunsicherheit quantitativer Messgrößen in der Laboratoriumsmedizin, LaboratoriumsMedizin 41 (2017) 53–58. https://doi.org/10.1515/labmed-2016-0079. | O62: Link
B64: 6 - R. Haeckel, W. Wosniok, F. Arzideh, Equivalence limits of reference intervals for partitioning of population data. Relevant differences of reference limits, LaboratoriumsMedizin 40 (2016) 199–205. https://doi.org/10.1515/labmed-2016-0002. | O64: Link
B66: 7 - R. Haeckel, E. Gurr, T. Keller, Permissible measurement uncertainty in the lower part of measurement intervals, LaboratoriumsMedizin 40 (2016) 271–276. https://doi.org/10.1515/labmed-2016-0006. | O66: Link
B68: 8 - R. Haeckel, W. Wosniok, E. Gurr, B. Peil, Permissible limits for uncertainty of measurement in laboratory medicine, Clinical Chemistry and Laboratory Medicine (CCLM) 53 (2015). https://doi.org/10.1515/cclm-2014-0874. | O68: Link
B70: 9 - R. Haeckel, W. Wosniok, T. Streichert, Optimizing the use of the “state-of-the-art” performance criteria, Clinical Chemistry and Laboratory Medicine (CCLM) 53 (2015). https://doi.org/10.1515/cclm-2014-1201. | O70: Link
B72: 10 - R. Haeckel, W. Wosniok, J. Kratochvila, A. Carobene, A pragmatic proposal for permissible limits in external quality assessment schemes with a compromise between biological variation and the state of the art, Clinical Chemistry and Laboratory Medicine 50 (2012). https://doi.org/10.1515/cclm-2011-0862. | O72: Link
B75: Tool information and attribution
B76: Tool | F76: Performance Ranking by Index of Deviation of Reference Limits (PRIDe-RL)
B77: Version | F77: 1.0.0
B78: Release date | F78: 13 Feb 2025
B79: Author | F79: Alan Carvalho Dias
B80: ORCID | F80: https://orcid.org/0000-0002-7159-4593
B81: Corresponding e-mail | F81: alancdias@hotmail.com
B82: Website | F82: https://grupolabr.com
B83: Repository / DOI | F83: https://github.com/labrgrupo/Supplementary_Material_CCA_LabRI
B84: System requirements | F84: Microsoft Excel 365 or Excel 2021 (or later). The worksheet uses dynamic array functions (LET, SORT, SEQUENCE, TEXTJOIN, UNICHAR) that are unavailable in Excel 2016/2019 and may not behave identically in LibreOffice Calc.

Sheet Heatmap
D2: Performance Ranking by Index of Deviation of Reference Limits (PRIDE-RL)
D3: Heatmap: deviation of each method in pD units (|value| ≤ 1 = within the equivalence interval)
B5: Group | C5: Analyte/Test | D5: Unit | E5: n | F5: RL | G5: TML | H5: refineR | I5: TMC | J5: reflimR | K5: LabRI
B6: Group 1 | C6: =TRIM('Input Group 1'!B12) -> AMY | D6: ='Input Group 1'!C12 -> U/L | E6: ='Input Group 1'!D12 -> 533 | F6: LRL | G6: =_xlfn.LET(_xlpm.x,'Input Group 1'!V12,_xlpm.ref,'Input Group 1'!F12,_xlpm.D,'Input Group 1'!O12,_xlpm.dp,IF('Input Group 1'!$E12="",3,'Input Group 1'!$E12),_xlpm.xr,ROUND(_xlpm.x,_xlpm.dp),_xlpm.lo,ROUND(_xlpm.ref-_xlpm.D,_xlpm.dp),_xlpm.hi,ROUND(_xlpm.ref+_xlpm.D,_xlpm.dp),IF(_xlpm.xr>=_xlpm.ref,(_xlpm.xr-_xlpm.ref)/(_xlpm.hi-_xlpm.ref),(_xlpm.xr-_xlpm.ref)/(_xlpm.ref-_xlpm.lo))) -> -3.4 | H6: =_xlfn.LET(_xlpm.x,'Input Group 1'!Z12,_xlpm.ref,'Input Group 1'!F12,_xlpm.D,'Input Group 1'!O12,_xlpm.dp,IF('Input Group 1'!$E12="",3,'Input Group 1'!$E12),_xlpm.xr,ROUND(_xlpm.x,_xlpm.dp),_xlpm.lo,ROUND(_xlpm.ref-_xlpm.D,_xlpm.dp),_xlpm.hi,ROUND(_xlpm.ref+_xlpm.D,_xlpm.dp),IF(_xlpm.xr>=_xlpm.ref,(_xlpm.xr-_xlpm.ref)/(_xlpm.hi-_xlpm.ref),(_xlpm.xr-_xlpm.ref)/(_xlpm.ref-_xlpm.lo))) -> -1.8 | I6: =_xlfn.LET(_xlpm.x,'Input Group 1'!AD12,_xlpm.ref,'Input Group 1'!F12,_xlpm.D,'Input Group 1'!O12,_xlpm.dp,IF('Input Group 1'!$E12="",3,'Input Group 1'!$E12),_xlpm.xr,ROUND(_xlpm.x,_xlpm.dp),_xlpm.lo,ROUND(_xlpm.ref-_xlpm.D,_xlpm.dp),_xlpm.hi,ROUND(_xlpm.ref+_xlpm.D,_xlpm.dp),IF(_xlpm.xr>=_xlpm.ref,(_xlpm.xr-_xlpm.ref)/(_xlpm.hi-_xlpm.ref),(_xlpm.xr-_xlpm.ref)/(_xlpm.ref-_xlpm.lo))) -> 0 | J6: =_xlfn.LET(_xlpm.x,'Input Group 1'!AH12,_xlpm.ref,'Input Group 1'!F12,_xlpm.D,'Input Group 1'!O12,_xlpm.dp,IF('Input Group 1'!$E12="",3,'Input Group 1'!$E12),_xlpm.xr,ROUND(_xlpm.x,_xlpm.dp),_xlpm.lo,ROUND(_xlpm.ref-_xlpm.D,_xlpm.dp),_xlpm.hi,ROUND(_xlpm.ref+_xlpm.D,_xlpm.dp),IF(_xlpm.xr>=_xlpm.ref,(_xlpm.xr-_xlpm.ref)/(_xlpm.hi-_xlpm.ref),(_xlpm.xr-_xlpm.ref)/(_xlpm.ref-_xlpm.lo))) -> -0.4 | K6: =_xlfn.LET(_xlpm.x,'Input Group 1'!AL12,_xlpm.ref,'Input Group 1'!F12,_xlpm.D,'Input Group 1'!O12,_xlpm.dp,IF('Input Group 1'!$E12="",3,'Input Group 1'!$E12),_xlpm.xr,ROUND(_xlpm.x,_xlpm.dp),_xlpm.lo,ROUND(_xlpm.ref-_xlpm.D,_xlpm.dp),_xlpm.hi,ROUND(_xlpm.ref+_xlpm.D,_xlpm.dp),IF(_xlpm.xr>=_xlpm.ref,(_xlpm.xr-_xlpm.ref)/(_xlpm.hi-_xlpm.ref),(_xlpm.xr-_xlpm.ref)/(_xlpm.ref-_xlpm.lo))) -> -0.4
C7: =TRIM('Input Group 1'!B12) -> AMY | D7: ='Input Group 1'!C12 -> U/L | E7: ='Input Group 1'!D12 -> 533 | F7: URL | G7: =_xlfn.LET(_xlpm.x,'Input Group 1'!W12,_xlpm.ref,'Input Group 1'!G12,_xlpm.D,'Input Group 1'!S12,_xlpm.dp,IF('Input Group 1'!$E12="",3,'Input Group 1'!$E12),_xlpm.xr,ROUND(_xlpm.x,_xlpm.dp),_xlpm.lo,ROUND(_xlpm.ref-_xlpm.D,_xlpm.dp),_xlpm.hi,ROUND(_xlpm.ref+_xlpm.D,_xlpm.dp),IF(_xlpm.xr>=_xlpm.ref,(_xlpm.xr-_xlpm.ref)/(_xlpm.hi-_xlpm.ref),(_xlpm.xr-_xlpm.ref)/(_xlpm.ref-_xlpm.lo))) -> -0.92857143 | H7: =_xlfn.LET(_xlpm.x,'Input Group 1'!AA12,_xlpm.ref,'Input Group 1'!G12,_xlpm.D,'Input Group 1'!S12,_xlpm.dp,IF('Input Group 1'!$E12="",3,'Input Group 1'!$E12),_xlpm.xr,ROUND(_xlpm.x,_xlpm.dp),_xlpm.lo,ROUND(_xlpm.ref-_xlpm.D,_xlpm.dp),_xlpm.hi,ROUND(_xlpm.ref+_xlpm.D,_xlpm.dp),IF(_xlpm.xr>=_xlpm.ref,(_xlpm.xr-_xlpm.ref)/(_xlpm.hi-_xlpm.ref),(_xlpm.xr-_xlpm.ref)/(_xlpm.ref-_xlpm.lo))) -> -1.5 | I7: =_xlfn.LET(_xlpm.x,'Input Group 1'!AE12,_xlpm.ref,'Input Group 1'!G12,_xlpm.D,'Input Group 1'!S12,_xlpm.dp,IF('Input Group 1'!$E12="",3,'Input Group 1'!$E12),_xlpm.xr,ROUND(_xlpm.x,_xlpm.dp),_xlpm.lo,ROUND(_xlpm.ref-_xlpm.D,_xlpm.dp),_xlpm.hi,ROUND(_xlpm.ref+_xlpm.D,_xlpm.dp),IF(_xlpm.xr>=_xlpm.ref,(_xlpm.xr-_xlpm.ref)/(_xlpm.hi-_xlpm.ref),(_xlpm.xr-_xlpm.ref)/(_xlpm.ref-_xlpm.lo))) -> -1.2142857 | J7: =_xlfn.LET(_xlpm.x,'Input Group 1'!AI12,_xlpm.ref,'Input Group 1'!G12,_xlpm.D,'Input Group 1'!S12,_xlpm.dp,IF('Input Group 1'!$E12="",3,'Input Group 1'!$E12),_xlpm.xr,ROUND(_xlpm.x,_xlpm.dp),_xlpm.lo,ROUND(_xlpm.ref-_xlpm.D,_xlpm.dp),_xlpm.hi,ROUND(_xlpm.ref+_xlpm.D,_xlpm.dp),IF(_xlpm.xr>=_xlpm.ref,(_xlpm.xr-_xlpm.ref)/(_xlpm.hi-_xlpm.ref),(_xlpm.xr-_xlpm.ref)/(_xlpm.ref-_xlpm.lo))) -> -0.28571429 | K7: =_xlfn.LET(_xlpm.x,'Input Group 1'!AM12,_xlpm.ref,'Input Group 1'!G12,_xlpm.D,'Input Group 1'!S12,_xlpm.dp,IF('Input Group 1'!$E12="",3,'Input Group 1'!$E12),_xlpm.xr,ROUND(_xlpm.x,_xlpm.dp),_xlpm.lo,ROUND(_xlpm.ref-_xlpm.D,_xlpm.dp),_xlpm.hi,ROUND(_xlpm.ref+_xlpm.D,_xlpm.dp),IF(_xlpm.xr>=_xlpm.ref,(_xlpm.xr-_xlpm.ref)/(_xlpm.hi-_xlpm.ref),(_xlpm.xr-_xlpm.ref)/(_xlpm.ref-_xlpm.lo))) -> 0.071428571
C8: =TRIM('Input Group 1'!B13) -> Ca | D8: ='Input Group 1'!C13 -> mmol/L | E8: ='Input Group 1'!D13 -> 533 | F8: LRL | G8: =_xlfn.LET(_xlpm.x,'Input Group 1'!V13,_xlpm.ref,'Input Group 1'!F13,_xlpm.D,'Input Group 1'!O13,_xlpm.dp,IF('Input Group 1'!$E13="",3,'Input Group 1'!$E13),_xlpm.xr,ROUND(_xlpm.x,_xlpm.dp),_xlpm.lo,ROUND(_xlpm.ref-_xlpm.D,_xlpm.dp),_xlpm.hi,ROUND(_xlpm.ref+_xlpm.D,_xlpm.dp),IF(_xlpm.xr>=_xlpm.ref,(_xlpm.xr-_xlpm.ref)/(_xlpm.hi-_xlpm.ref),(_xlpm.xr-_xlpm.ref)/(_xlpm.ref-_xlpm.lo))) -> 0 | H8: =_xlfn.LET(_xlpm.x,'Input Group 1'!Z13,_xlpm.ref,'Input Group 1'!F13,_xlpm.D,'Input Group 1'!O13,_xlpm.dp,IF('Input Group 1'!$E13="",3,'Input Group 1'!$E13),_xlpm.xr,ROUND(_xlpm.x,_xlpm.dp),_xlpm.lo,ROUND(_xlpm.ref-_xlpm.D,_xlpm.dp),_xlpm.hi,ROUND(_xlpm.ref+_xlpm.D,_xlpm.dp),IF(_xlpm.xr>=_xlpm.ref,(_xlpm.xr-_xlpm.ref)/(_xlpm.hi-_xlpm.ref),(_xlpm.xr-_xlpm.ref)/(_xlpm.ref-_xlpm.lo))) -> 0.28571429 | I8: =_xlfn.LET(_xlpm.x,'Input Group 1'!AD13,_xlpm.ref,'Input Group 1'!F13,_xlpm.D,'Input Group 1'!O13,_xlpm.dp,IF('Input Group 1'!$E13="",3,'Input Group 1'!$E13),_xlpm.xr,ROUND(_xlpm.x,_xlpm.dp),_xlpm.lo,ROUND(_xlpm.ref-_xlpm.D,_xlpm.dp),_xlpm.hi,ROUND(_xlpm.ref+_xlpm.D,_xlpm.dp),IF(_xlpm.xr>=_xlpm.ref,(_xlpm.xr-_xlpm.ref)/(_xlpm.hi-_xlpm.ref),(_xlpm.xr-_xlpm.ref)/(_xlpm.ref-_xlpm.lo))) -> 0 | J8: =_xlfn.LET(_xlpm.x,'Input Group 1'!AH13,_xlpm.ref,'Input Group 1'!F13,_xlpm.D,'Input Group 1'!O13,_xlpm.dp,IF('Input Group 1'!$E13="",3,'Input Group 1'!$E13),_xlpm.xr,ROUND(_xlpm.x,_xlpm.dp),_xlpm.lo,ROUND(_xlpm.ref-_xlpm.D,_xlpm.dp),_xlpm.hi,ROUND(_xlpm.ref+_xlpm.D,_xlpm.dp),IF(_xlpm.xr>=_xlpm.ref,(_xlpm.xr-_xlpm.ref)/(_xlpm.hi-_xlpm.ref),(_xlpm.xr-_xlpm.ref)/(_xlpm.ref-_xlpm.lo))) -> 0 | K8: =_xlfn.LET(_xlpm.x,'Input Group 1'!AL13,_xlpm.ref,'Input Group 1'!F13,_xlpm.D,'Input Group 1'!O13,_xlpm.dp,IF('Input Group 1'!$E13="",3,'Input Group 1'!$E13),_xlpm.xr,ROUND(_xlpm.x,_xlpm.dp),_xlpm.lo,ROUND(_xlpm.ref-_xlpm.D,_xlpm.dp),_xlpm.hi,ROUND(_xlpm.ref+_xlpm.D,_xlpm.dp),IF(_xlpm.xr>=_xlpm.ref,(_xlpm.xr-_xlpm.ref)/(_xlpm.hi-_xlpm.ref),(_xlpm.xr-_xlpm.ref)/(_xlpm.ref-_xlpm.lo))) -> 0
C9: =TRIM('Input Group 1'!B13) -> Ca | D9: ='Input Group 1'!C13 -> mmol/L | E9: ='Input Group 1'!D13 -> 533 | F9: URL | G9: =_xlfn.LET(_xlpm.x,'Input Group 1'!W13,_xlpm.ref,'Input Group 1'!G13,_xlpm.D,'Input Group 1'!S13,_xlpm.dp,IF('Input Group 1'!$E13="",3,'Input Group 1'!$E13),_xlpm.xr,ROUND(_xlpm.x,_xlpm.dp),_xlpm.lo,ROUND(_xlpm.ref-_xlpm.D,_xlpm.dp),_xlpm.hi,ROUND(_xlpm.ref+_xlpm.D,_xlpm.dp),IF(_xlpm.xr>=_xlpm.ref,(_xlpm.xr-_xlpm.ref)/(_xlpm.hi-_xlpm.ref),(_xlpm.xr-_xlpm.ref)/(_xlpm.ref-_xlpm.lo))) -> -0.25 | H9: =_xlfn.LET(_xlpm.x,'Input Group 1'!AA13,_xlpm.ref,'Input Group 1'!G13,_xlpm.D,'Input Group 1'!S13,_xlpm.dp,IF('Input Group 1'!$E13="",3,'Input Group 1'!$E13),_xlpm.xr,ROUND(_xlpm.x,_xlpm.dp),_xlpm.lo,ROUND(_xlpm.ref-_xlpm.D,_xlpm.dp),_xlpm.hi,ROUND(_xlpm.ref+_xlpm.D,_xlpm.dp),IF(_xlpm.xr>=_xlpm.ref,(_xlpm.xr-_xlpm.ref)/(_xlpm.hi-_xlpm.ref),(_xlpm.xr-_xlpm.ref)/(_xlpm.ref-_xlpm.lo))) -> -0.75 | I9: =_xlfn.LET(_xlpm.x,'Input Group 1'!AE13,_xlpm.ref,'Input Group 1'!G13,_xlpm.D,'Input Group 1'!S13,_xlpm.dp,IF('Input Group 1'!$E13="",3,'Input Group 1'!$E13),_xlpm.xr,ROUND(_xlpm.x,_xlpm.dp),_xlpm.lo,ROUND(_xlpm.ref-_xlpm.D,_xlpm.dp),_xlpm.hi,ROUND(_xlpm.ref+_xlpm.D,_xlpm.dp),IF(_xlpm.xr>=_xlpm.ref,(_xlpm.xr-_xlpm.ref)/(_xlpm.hi-_xlpm.ref),(_xlpm.xr-_xlpm.ref)/(_xlpm.ref-_xlpm.lo))) -> -0.25 | J9: =_xlfn.LET(_xlpm.x,'Input Group 1'!AI13,_xlpm.ref,'Input Group 1'!G13,_xlpm.D,'Input Group 1'!S13,_xlpm.dp,IF('Input Group 1'!$E13="",3,'Input Group 1'!$E13),_xlpm.xr,ROUND(_xlpm.x,_xlpm.dp),_xlpm.lo,ROUND(_xlpm.ref-_xlpm.D,_xlpm.dp),_xlpm.hi,ROUND(_xlpm.ref+_xlpm.D,_xlpm.dp),IF(_xlpm.xr>=_xlpm.ref,(_xlpm.xr-_xlpm.ref)/(_xlpm.hi-_xlpm.ref),(_xlpm.xr-_xlpm.ref)/(_xlpm.ref-_xlpm.lo))) -> -0.375 | K9: =_xlfn.LET(_xlpm.x,'Input Group 1'!AM13,_xlpm.ref,'Input Group 1'!G13,_xlpm.D,'Input Group 1'!S13,_xlpm.dp,IF('Input Group 1'!$E13="",3,'Input Group 1'!$E13),_xlpm.xr,ROUND(_xlpm.x,_xlpm.dp),_xlpm.lo,ROUND(_xlpm.ref-_xlpm.D,_xlpm.dp),_xlpm.hi,ROUND(_xlpm.ref+_xlpm.D,_xlpm.dp),IF(_xlpm.xr>=_xlpm.ref,(_xlpm.xr-_xlpm.ref)/(_xlpm.hi-_xlpm.ref),(_xlpm.xr-_xlpm.ref)/(_xlpm.ref-_xlpm.lo))) -> -0.25
C10: =TRIM('Input Group 1'!B14) -> LDH | D10: ='Input Group 1'!C14 -> IU/L | E10: ='Input Group 1'!D14 -> 533 | F10: LRL | G10: =_xlfn.LET(_xlpm.x,'Input Group 1'!V14,_xlpm.ref,'Input Group 1'!F14,_xlpm.D,'Input Group 1'!O14,_xlpm.dp,IF('Input Group 1'!$E14="",3,'Input Group 1'!$E14),_xlpm.xr,ROUND(_xlpm.x,_xlpm.dp),_xlpm.lo,ROUND(_xlpm.ref-_xlpm.D,_xlpm.dp),_xlpm.hi,ROUND(_xlpm.ref+_xlpm.D,_xlpm.dp),IF(_xlpm.xr>=_xlpm.ref,(_xlpm.xr-_xlpm.ref)/(_xlpm.hi-_xlpm.ref),(_xlpm.xr-_xlpm.ref)/(_xlpm.ref-_xlpm.lo))) -> -0.4 | H10: =_xlfn.LET(_xlpm.x,'Input Group 1'!Z14,_xlpm.ref,'Input Group 1'!F14,_xlpm.D,'Input Group 1'!O14,_xlpm.dp,IF('Input Group 1'!$E14="",3,'Input Group 1'!$E14),_xlpm.xr,ROUND(_xlpm.x,_xlpm.dp),_xlpm.lo,ROUND(_xlpm.ref-_xlpm.D,_xlpm.dp),_xlpm.hi,ROUND(_xlpm.ref+_xlpm.D,_xlpm.dp),IF(_xlpm.xr>=_xlpm.ref,(_xlpm.xr-_xlpm.ref)/(_xlpm.hi-_xlpm.ref),(_xlpm.xr-_xlpm.ref)/(_xlpm.ref-_xlpm.lo))) -> 0 | I10: =_xlfn.LET(_xlpm.x,'Input Group 1'!AD14,_xlpm.ref,'Input Group 1'!F14,_xlpm.D,'Input Group 1'!O14,_xlpm.dp,IF('Input Group 1'!$E14="",3,'Input Group 1'!$E14),_xlpm.xr,ROUND(_xlpm.x,_xlpm.dp),_xlpm.lo,ROUND(_xlpm.ref-_xlpm.D,_xlpm.dp),_xlpm.hi,ROUND(_xlpm.ref+_xlpm.D,_xlpm.dp),IF(_xlpm.xr>=_xlpm.ref,(_xlpm.xr-_xlpm.ref)/(_xlpm.hi-_xlpm.ref),(_xlpm.xr-_xlpm.ref)/(_xlpm.ref-_xlpm.lo))) -> 0.2 | J10: =_xlfn.LET(_xlpm.x,'Input Group 1'!AH14,_xlpm.ref,'Input Group 1'!F14,_xlpm.D,'Input Group 1'!O14,_xlpm.dp,IF('Input Group 1'!$E14="",3,'Input Group 1'!$E14),_xlpm.xr,ROUND(_xlpm.x,_xlpm.dp),_xlpm.lo,ROUND(_xlpm.ref-_xlpm.D,_xlpm.dp),_xlpm.hi,ROUND(_xlpm.ref+_xlpm.D,_xlpm.dp),IF(_xlpm.xr>=_xlpm.ref,(_xlpm.xr-_xlpm.ref)/(_xlpm.hi-_xlpm.ref),(_xlpm.xr-_xlpm.ref)/(_xlpm.ref-_xlpm.lo))) -> 0.2 | K10: =_xlfn.LET(_xlpm.x,'Input Group 1'!AL14,_xlpm.ref,'Input Group 1'!F14,_xlpm.D,'Input Group 1'!O14,_xlpm.dp,IF('Input Group 1'!$E14="",3,'Input Group 1'!$E14),_xlpm.xr,ROUND(_xlpm.x,_xlpm.dp),_xlpm.lo,ROUND(_xlpm.ref-_xlpm.D,_xlpm.dp),_xlpm.hi,ROUND(_xlpm.ref+_xlpm.D,_xlpm.dp),IF(_xlpm.xr>=_xlpm.ref,(_xlpm.xr-_xlpm.ref)/(_xlpm.hi-_xlpm.ref),(_xlpm.xr-_xlpm.ref)/(_xlpm.ref-_xlpm.lo))) -> 0.1
C11: =TRIM('Input Group 1'!B14) -> LDH | D11: ='Input Group 1'!C14 -> IU/L | E11: ='Input Group 1'!D14 -> 533 | F11: URL | G11: =_xlfn.LET(_xlpm.x,'Input Group 1'!W14,_xlpm.ref,'Input Group 1'!G14,_xlpm.D,'Input Group 1'!S14,_xlpm.dp,IF('Input Group 1'!$E14="",3,'Input Group 1'!$E14),_xlpm.xr,ROUND(_xlpm.x,_xlpm.dp),_xlpm.lo,ROUND(_xlpm.ref-_xlpm.D,_xlpm.dp),_xlpm.hi,ROUND(_xlpm.ref+_xlpm.D,_xlpm.dp),IF(_xlpm.xr>=_xlpm.ref,(_xlpm.xr-_xlpm.ref)/(_xlpm.hi-_xlpm.ref),(_xlpm.xr-_xlpm.ref)/(_xlpm.ref-_xlpm.lo))) -> -1.5 | H11: =_xlfn.LET(_xlpm.x,'Input Group 1'!AA14,_xlpm.ref,'Input Group 1'!G14,_xlpm.D,'Input Group 1'!S14,_xlpm.dp,IF('Input Group 1'!$E14="",3,'Input Group 1'!$E14),_xlpm.xr,ROUND(_xlpm.x,_xlpm.dp),_xlpm.lo,ROUND(_xlpm.ref-_xlpm.D,_xlpm.dp),_xlpm.hi,ROUND(_xlpm.ref+_xlpm.D,_xlpm.dp),IF(_xlpm.xr>=_xlpm.ref,(_xlpm.xr-_xlpm.ref)/(_xlpm.hi-_xlpm.ref),(_xlpm.xr-_xlpm.ref)/(_xlpm.ref-_xlpm.lo))) -> -1.5 | I11: =_xlfn.LET(_xlpm.x,'Input Group 1'!AE14,_xlpm.ref,'Input Group 1'!G14,_xlpm.D,'Input Group 1'!S14,_xlpm.dp,IF('Input Group 1'!$E14="",3,'Input Group 1'!$E14),_xlpm.xr,ROUND(_xlpm.x,_xlpm.dp),_xlpm.lo,ROUND(_xlpm.ref-_xlpm.D,_xlpm.dp),_xlpm.hi,ROUND(_xlpm.ref+_xlpm.D,_xlpm.dp),IF(_xlpm.xr>=_xlpm.ref,(_xlpm.xr-_xlpm.ref)/(_xlpm.hi-_xlpm.ref),(_xlpm.xr-_xlpm.ref)/(_xlpm.ref-_xlpm.lo))) -> -1 | J11: =_xlfn.LET(_xlpm.x,'Input Group 1'!AI14,_xlpm.ref,'Input Group 1'!G14,_xlpm.D,'Input Group 1'!S14,_xlpm.dp,IF('Input Group 1'!$E14="",3,'Input Group 1'!$E14),_xlpm.xr,ROUND(_xlpm.x,_xlpm.dp),_xlpm.lo,ROUND(_xlpm.ref-_xlpm.D,_xlpm.dp),_xlpm.hi,ROUND(_xlpm.ref+_xlpm.D,_xlpm.dp),IF(_xlpm.xr>=_xlpm.ref,(_xlpm.xr-_xlpm.ref)/(_xlpm.hi-_xlpm.ref),(_xlpm.xr-_xlpm.ref)/(_xlpm.ref-_xlpm.lo))) -> -0.375 | K11: =_xlfn.LET(_xlpm.x,'Input Group 1'!AM14,_xlpm.ref,'Input Group 1'!G14,_xlpm.D,'Input Group 1'!S14,_xlpm.dp,IF('Input Group 1'!$E14="",3,'Input Group 1'!$E14),_xlpm.xr,ROUND(_xlpm.x,_xlpm.dp),_xlpm.lo,ROUND(_xlpm.ref-_xlpm.D,_xlpm.dp),_xlpm.hi,ROUND(_xlpm.ref+_xlpm.D,_xlpm.dp),IF(_xlpm.xr>=_xlpm.ref,(_xlpm.xr-_xlpm.ref)/(_xlpm.hi-_xlpm.ref),(_xlpm.xr-_xlpm.ref)/(_xlpm.ref-_xlpm.lo))) -> -0.625
C12: =TRIM('Input Group 1'!B15) -> TSH | D12: ='Input Group 1'!C15 -> mIU/L | E12: ='Input Group 1'!D15 -> 533 | F12: LRL | G12: =_xlfn.LET(_xlpm.x,'Input Group 1'!V15,_xlpm.ref,'Input Group 1'!F15,_xlpm.D,'Input Group 1'!O15,_xlpm.dp,IF('Input Group 1'!$E15="",3,'Input Group 1'!$E15),_xlpm.xr,ROUND(_xlpm.x,_xlpm.dp),_xlpm.lo,ROUND(_xlpm.ref-_xlpm.D,_xlpm.dp),_xlpm.hi,ROUND(_xlpm.ref+_xlpm.D,_xlpm.dp),IF(_xlpm.xr>=_xlpm.ref,(_xlpm.xr-_xlpm.ref)/(_xlpm.hi-_xlpm.ref),(_xlpm.xr-_xlpm.ref)/(_xlpm.ref-_xlpm.lo))) -> -0.1 | H12: =_xlfn.LET(_xlpm.x,'Input Group 1'!Z15,_xlpm.ref,'Input Group 1'!F15,_xlpm.D,'Input Group 1'!O15,_xlpm.dp,IF('Input Group 1'!$E15="",3,'Input Group 1'!$E15),_xlpm.xr,ROUND(_xlpm.x,_xlpm.dp),_xlpm.lo,ROUND(_xlpm.ref-_xlpm.D,_xlpm.dp),_xlpm.hi,ROUND(_xlpm.ref+_xlpm.D,_xlpm.dp),IF(_xlpm.xr>=_xlpm.ref,(_xlpm.xr-_xlpm.ref)/(_xlpm.hi-_xlpm.ref),(_xlpm.xr-_xlpm.ref)/(_xlpm.ref-_xlpm.lo))) -> -0.9 | I12: =_xlfn.LET(_xlpm.x,'Input Group 1'!AD15,_xlpm.ref,'Input Group 1'!F15,_xlpm.D,'Input Group 1'!O15,_xlpm.dp,IF('Input Group 1'!$E15="",3,'Input Group 1'!$E15),_xlpm.xr,ROUND(_xlpm.x,_xlpm.dp),_xlpm.lo,ROUND(_xlpm.ref-_xlpm.D,_xlpm.dp),_xlpm.hi,ROUND(_xlpm.ref+_xlpm.D,_xlpm.dp),IF(_xlpm.xr>=_xlpm.ref,(_xlpm.xr-_xlpm.ref)/(_xlpm.hi-_xlpm.ref),(_xlpm.xr-_xlpm.ref)/(_xlpm.ref-_xlpm.lo))) -> -0.2 | J12: =_xlfn.LET(_xlpm.x,'Input Group 1'!AH15,_xlpm.ref,'Input Group 1'!F15,_xlpm.D,'Input Group 1'!O15,_xlpm.dp,IF('Input Group 1'!$E15="",3,'Input Group 1'!$E15),_xlpm.xr,ROUND(_xlpm.x,_xlpm.dp),_xlpm.lo,ROUND(_xlpm.ref-_xlpm.D,_xlpm.dp),_xlpm.hi,ROUND(_xlpm.ref+_xlpm.D,_xlpm.dp),IF(_xlpm.xr>=_xlpm.ref,(_xlpm.xr-_xlpm.ref)/(_xlpm.hi-_xlpm.ref),(_xlpm.xr-_xlpm.ref)/(_xlpm.ref-_xlpm.lo))) -> -0.6 | K12: =_xlfn.LET(_xlpm.x,'Input Group 1'!AL15,_xlpm.ref,'Input Group 1'!F15,_xlpm.D,'Input Group 1'!O15,_xlpm.dp,IF('Input Group 1'!$E15="",3,'Input Group 1'!$E15),_xlpm.xr,ROUND(_xlpm.x,_xlpm.dp),_xlpm.lo,ROUND(_xlpm.ref-_xlpm.D,_xlpm.dp),_xlpm.hi,ROUND(_xlpm.ref+_xlpm.D,_xlpm.dp),IF(_xlpm.xr>=_xlpm.ref,(_xlpm.xr-_xlpm.ref)/(_xlpm.hi-_xlpm.ref),(_xlpm.xr-_xlpm.ref)/(_xlpm.ref-_xlpm.lo))) -> -0.7
C13: =TRIM('Input Group 1'!B15) -> TSH | D13: ='Input Group 1'!C15 -> mIU/L | E13: ='Input Group 1'!D15 -> 533 | F13: URL | G13: =_xlfn.LET(_xlpm.x,'Input Group 1'!W15,_xlpm.ref,'Input Group 1'!G15,_xlpm.D,'Input Group 1'!S15,_xlpm.dp,IF('Input Group 1'!$E15="",3,'Input Group 1'!$E15),_xlpm.xr,ROUND(_xlpm.x,_xlpm.dp),_xlpm.lo,ROUND(_xlpm.ref-_xlpm.D,_xlpm.dp),_xlpm.hi,ROUND(_xlpm.ref+_xlpm.D,_xlpm.dp),IF(_xlpm.xr>=_xlpm.ref,(_xlpm.xr-_xlpm.ref)/(_xlpm.hi-_xlpm.ref),(_xlpm.xr-_xlpm.ref)/(_xlpm.ref-_xlpm.lo))) -> -1.5961538 | H13: =_xlfn.LET(_xlpm.x,'Input Group 1'!AA15,_xlpm.ref,'Input Group 1'!G15,_xlpm.D,'Input Group 1'!S15,_xlpm.dp,IF('Input Group 1'!$E15="",3,'Input Group 1'!$E15),_xlpm.xr,ROUND(_xlpm.x,_xlpm.dp),_xlpm.lo,ROUND(_xlpm.ref-_xlpm.D,_xlpm.dp),_xlpm.hi,ROUND(_xlpm.ref+_xlpm.D,_xlpm.dp),IF(_xlpm.xr>=_xlpm.ref,(_xlpm.xr-_xlpm.ref)/(_xlpm.hi-_xlpm.ref),(_xlpm.xr-_xlpm.ref)/(_xlpm.ref-_xlpm.lo))) -> -3.1538462 | I13: =_xlfn.LET(_xlpm.x,'Input Group 1'!AE15,_xlpm.ref,'Input Group 1'!G15,_xlpm.D,'Input Group 1'!S15,_xlpm.dp,IF('Input Group 1'!$E15="",3,'Input Group 1'!$E15),_xlpm.xr,ROUND(_xlpm.x,_xlpm.dp),_xlpm.lo,ROUND(_xlpm.ref-_xlpm.D,_xlpm.dp),_xlpm.hi,ROUND(_xlpm.ref+_xlpm.D,_xlpm.dp),IF(_xlpm.xr>=_xlpm.ref,(_xlpm.xr-_xlpm.ref)/(_xlpm.hi-_xlpm.ref),(_xlpm.xr-_xlpm.ref)/(_xlpm.ref-_xlpm.lo))) -> -0.44230769 | J13: =_xlfn.LET(_xlpm.x,'Input Group 1'!AI15,_xlpm.ref,'Input Group 1'!G15,_xlpm.D,'Input Group 1'!S15,_xlpm.dp,IF('Input Group 1'!$E15="",3,'Input Group 1'!$E15),_xlpm.xr,ROUND(_xlpm.x,_xlpm.dp),_xlpm.lo,ROUND(_xlpm.ref-_xlpm.D,_xlpm.dp),_xlpm.hi,ROUND(_xlpm.ref+_xlpm.D,_xlpm.dp),IF(_xlpm.xr>=_xlpm.ref,(_xlpm.xr-_xlpm.ref)/(_xlpm.hi-_xlpm.ref),(_xlpm.xr-_xlpm.ref)/(_xlpm.ref-_xlpm.lo))) -> -0.51923077 | K13: =_xlfn.LET(_xlpm.x,'Input Group 1'!AM15,_xlpm.ref,'Input Group 1'!G15,_xlpm.D,'Input Group 1'!S15,_xlpm.dp,IF('Input Group 1'!$E15="",3,'Input Group 1'!$E15),_xlpm.xr,ROUND(_xlpm.x,_xlpm.dp),_xlpm.lo,ROUND(_xlpm.ref-_xlpm.D,_xlpm.dp),_xlpm.hi,ROUND(_xlpm.ref+_xlpm.D,_xlpm.dp),IF(_xlpm.xr>=_xlpm.ref,(_xlpm.xr-_xlpm.ref)/(_xlpm.hi-_xlpm.ref),(_xlpm.xr-_xlpm.ref)/(_xlpm.ref-_xlpm.lo))) -> -0.19230769
C14: =TRIM('Input Group 1'!B16) -> FT4 | D14: ='Input Group 1'!C16 -> pmol/L | E14: ='Input Group 1'!D16 -> 533 | F14: LRL | G14: =_xlfn.LET(_xlpm.x,'Input Group 1'!V16,_xlpm.ref,'Input Group 1'!F16,_xlpm.D,'Input Group 1'!O16,_xlpm.dp,IF('Input Group 1'!$E16="",3,'Input Group 1'!$E16),_xlpm.xr,ROUND(_xlpm.x,_xlpm.dp),_xlpm.lo,ROUND(_xlpm.ref-_xlpm.D,_xlpm.dp),_xlpm.hi,ROUND(_xlpm.ref+_xlpm.D,_xlpm.dp),IF(_xlpm.xr>=_xlpm.ref,(_xlpm.xr-_xlpm.ref)/(_xlpm.hi-_xlpm.ref),(_xlpm.xr-_xlpm.ref)/(_xlpm.ref-_xlpm.lo))) -> -2 | H14: =_xlfn.LET(_xlpm.x,'Input Group 1'!Z16,_xlpm.ref,'Input Group 1'!F16,_xlpm.D,'Input Group 1'!O16,_xlpm.dp,IF('Input Group 1'!$E16="",3,'Input Group 1'!$E16),_xlpm.xr,ROUND(_xlpm.x,_xlpm.dp),_xlpm.lo,ROUND(_xlpm.ref-_xlpm.D,_xlpm.dp),_xlpm.hi,ROUND(_xlpm.ref+_xlpm.D,_xlpm.dp),IF(_xlpm.xr>=_xlpm.ref,(_xlpm.xr-_xlpm.ref)/(_xlpm.hi-_xlpm.ref),(_xlpm.xr-_xlpm.ref)/(_xlpm.ref-_xlpm.lo))) -> 0.2 | I14: =_xlfn.LET(_xlpm.x,'Input Group 1'!AD16,_xlpm.ref,'Input Group 1'!F16,_xlpm.D,'Input Group 1'!O16,_xlpm.dp,IF('Input Group 1'!$E16="",3,'Input Group 1'!$E16),_xlpm.xr,ROUND(_xlpm.x,_xlpm.dp),_xlpm.lo,ROUND(_xlpm.ref-_xlpm.D,_xlpm.dp),_xlpm.hi,ROUND(_xlpm.ref+_xlpm.D,_xlpm.dp),IF(_xlpm.xr>=_xlpm.ref,(_xlpm.xr-_xlpm.ref)/(_xlpm.hi-_xlpm.ref),(_xlpm.xr-_xlpm.ref)/(_xlpm.ref-_xlpm.lo))) -> -0.6 | J14: =_xlfn.LET(_xlpm.x,'Input Group 1'!AH16,_xlpm.ref,'Input Group 1'!F16,_xlpm.D,'Input Group 1'!O16,_xlpm.dp,IF('Input Group 1'!$E16="",3,'Input Group 1'!$E16),_xlpm.xr,ROUND(_xlpm.x,_xlpm.dp),_xlpm.lo,ROUND(_xlpm.ref-_xlpm.D,_xlpm.dp),_xlpm.hi,ROUND(_xlpm.ref+_xlpm.D,_xlpm.dp),IF(_xlpm.xr>=_xlpm.ref,(_xlpm.xr-_xlpm.ref)/(_xlpm.hi-_xlpm.ref),(_xlpm.xr-_xlpm.ref)/(_xlpm.ref-_xlpm.lo))) -> 0.2 | K14: =_xlfn.LET(_xlpm.x,'Input Group 1'!AL16,_xlpm.ref,'Input Group 1'!F16,_xlpm.D,'Input Group 1'!O16,_xlpm.dp,IF('Input Group 1'!$E16="",3,'Input Group 1'!$E16),_xlpm.xr,ROUND(_xlpm.x,_xlpm.dp),_xlpm.lo,ROUND(_xlpm.ref-_xlpm.D,_xlpm.dp),_xlpm.hi,ROUND(_xlpm.ref+_xlpm.D,_xlpm.dp),IF(_xlpm.xr>=_xlpm.ref,(_xlpm.xr-_xlpm.ref)/(_xlpm.hi-_xlpm.ref),(_xlpm.xr-_xlpm.ref)/(_xlpm.ref-_xlpm.lo))) -> -0.6
C15: =TRIM('Input Group 1'!B16) -> FT4 | D15: ='Input Group 1'!C16 -> pmol/L | E15: ='Input Group 1'!D16 -> 533 | F15: URL | G15: =_xlfn.LET(_xlpm.x,'Input Group 1'!W16,_xlpm.ref,'Input Group 1'!G16,_xlpm.D,'Input Group 1'!S16,_xlpm.dp,IF('Input Group 1'!$E16="",3,'Input Group 1'!$E16),_xlpm.xr,ROUND(_xlpm.x,_xlpm.dp),_xlpm.lo,ROUND(_xlpm.ref-_xlpm.D,_xlpm.dp),_xlpm.hi,ROUND(_xlpm.ref+_xlpm.D,_xlpm.dp),IF(_xlpm.xr>=_xlpm.ref,(_xlpm.xr-_xlpm.ref)/(_xlpm.hi-_xlpm.ref),(_xlpm.xr-_xlpm.ref)/(_xlpm.ref-_xlpm.lo))) -> -0.22222222 | H15: =_xlfn.LET(_xlpm.x,'Input Group 1'!AA16,_xlpm.ref,'Input Group 1'!G16,_xlpm.D,'Input Group 1'!S16,_xlpm.dp,IF('Input Group 1'!$E16="",3,'Input Group 1'!$E16),_xlpm.xr,ROUND(_xlpm.x,_xlpm.dp),_xlpm.lo,ROUND(_xlpm.ref-_xlpm.D,_xlpm.dp),_xlpm.hi,ROUND(_xlpm.ref+_xlpm.D,_xlpm.dp),IF(_xlpm.xr>=_xlpm.ref,(_xlpm.xr-_xlpm.ref)/(_xlpm.hi-_xlpm.ref),(_xlpm.xr-_xlpm.ref)/(_xlpm.ref-_xlpm.lo))) -> -0.88888889 | I15: =_xlfn.LET(_xlpm.x,'Input Group 1'!AE16,_xlpm.ref,'Input Group 1'!G16,_xlpm.D,'Input Group 1'!S16,_xlpm.dp,IF('Input Group 1'!$E16="",3,'Input Group 1'!$E16),_xlpm.xr,ROUND(_xlpm.x,_xlpm.dp),_xlpm.lo,ROUND(_xlpm.ref-_xlpm.D,_xlpm.dp),_xlpm.hi,ROUND(_xlpm.ref+_xlpm.D,_xlpm.dp),IF(_xlpm.xr>=_xlpm.ref,(_xlpm.xr-_xlpm.ref)/(_xlpm.hi-_xlpm.ref),(_xlpm.xr-_xlpm.ref)/(_xlpm.ref-_xlpm.lo))) -> -0.33333333 | J15: =_xlfn.LET(_xlpm.x,'Input Group 1'!AI16,_xlpm.ref,'Input Group 1'!G16,_xlpm.D,'Input Group 1'!S16,_xlpm.dp,IF('Input Group 1'!$E16="",3,'Input Group 1'!$E16),_xlpm.xr,ROUND(_xlpm.x,_xlpm.dp),_xlpm.lo,ROUND(_xlpm.ref-_xlpm.D,_xlpm.dp),_xlpm.hi,ROUND(_xlpm.ref+_xlpm.D,_xlpm.dp),IF(_xlpm.xr>=_xlpm.ref,(_xlpm.xr-_xlpm.ref)/(_xlpm.hi-_xlpm.ref),(_xlpm.xr-_xlpm.ref)/(_xlpm.ref-_xlpm.lo))) -> 0 | K15: =_xlfn.LET(_xlpm.x,'Input Group 1'!AM16,_xlpm.ref,'Input Group 1'!G16,_xlpm.D,'Input Group 1'!S16,_xlpm.dp,IF('Input Group 1'!$E16="",3,'Input Group 1'!$E16),_xlpm.xr,ROUND(_xlpm.x,_xlpm.dp),_xlpm.lo,ROUND(_xlpm.ref-_xlpm.D,_xlpm.dp),_xlpm.hi,ROUND(_xlpm.ref+_xlpm.D,_xlpm.dp),IF(_xlpm.xr>=_xlpm.ref,(_xlpm.xr-_xlpm.ref)/(_xlpm.hi-_xlpm.ref),(_xlpm.xr-_xlpm.ref)/(_xlpm.ref-_xlpm.lo))) -> -0.44444444
C16: =TRIM('Input Group 1'!B17) -> ALT | D16: ='Input Group 1'!C17 -> U/L | E16: ='Input Group 1'!D17 -> 874 | F16: LRL | G16: =_xlfn.LET(_xlpm.x,'Input Group 1'!V17,_xlpm.ref,'Input Group 1'!F17,_xlpm.D,'Input Group 1'!O17,_xlpm.dp,IF('Input Group 1'!$E17="",3,'Input Group 1'!$E17),_xlpm.xr,ROUND(_xlpm.x,_xlpm.dp),_xlpm.lo,ROUND(_xlpm.ref-_xlpm.D,_xlpm.dp),_xlpm.hi,ROUND(_xlpm.ref+_xlpm.D,_xlpm.dp),IF(_xlpm.xr>=_xlpm.ref,(_xlpm.xr-_xlpm.ref)/(_xlpm.hi-_xlpm.ref),(_xlpm.xr-_xlpm.ref)/(_xlpm.ref-_xlpm.lo))) -> -1 | H16: =_xlfn.LET(_xlpm.x,'Input Group 1'!Z17,_xlpm.ref,'Input Group 1'!F17,_xlpm.D,'Input Group 1'!O17,_xlpm.dp,IF('Input Group 1'!$E17="",3,'Input Group 1'!$E17),_xlpm.xr,ROUND(_xlpm.x,_xlpm.dp),_xlpm.lo,ROUND(_xlpm.ref-_xlpm.D,_xlpm.dp),_xlpm.hi,ROUND(_xlpm.ref+_xlpm.D,_xlpm.dp),IF(_xlpm.xr>=_xlpm.ref,(_xlpm.xr-_xlpm.ref)/(_xlpm.hi-_xlpm.ref),(_xlpm.xr-_xlpm.ref)/(_xlpm.ref-_xlpm.lo))) -> 2.5555556 | I16: =_xlfn.LET(_xlpm.x,'Input Group 1'!AD17,_xlpm.ref,'Input Group 1'!F17,_xlpm.D,'Input Group 1'!O17,_xlpm.dp,IF('Input Group 1'!$E17="",3,'Input Group 1'!$E17),_xlpm.xr,ROUND(_xlpm.x,_xlpm.dp),_xlpm.lo,ROUND(_xlpm.ref-_xlpm.D,_xlpm.dp),_xlpm.hi,ROUND(_xlpm.ref+_xlpm.D,_xlpm.dp),IF(_xlpm.xr>=_xlpm.ref,(_xlpm.xr-_xlpm.ref)/(_xlpm.hi-_xlpm.ref),(_xlpm.xr-_xlpm.ref)/(_xlpm.ref-_xlpm.lo))) -> 3.6666667 | J16: =_xlfn.LET(_xlpm.x,'Input Group 1'!AH17,_xlpm.ref,'Input Group 1'!F17,_xlpm.D,'Input Group 1'!O17,_xlpm.dp,IF('Input Group 1'!$E17="",3,'Input Group 1'!$E17),_xlpm.xr,ROUND(_xlpm.x,_xlpm.dp),_xlpm.lo,ROUND(_xlpm.ref-_xlpm.D,_xlpm.dp),_xlpm.hi,ROUND(_xlpm.ref+_xlpm.D,_xlpm.dp),IF(_xlpm.xr>=_xlpm.ref,(_xlpm.xr-_xlpm.ref)/(_xlpm.hi-_xlpm.ref),(_xlpm.xr-_xlpm.ref)/(_xlpm.ref-_xlpm.lo))) -> -0.77777778 | K16: =_xlfn.LET(_xlpm.x,'Input Group 1'!AL17,_xlpm.ref,'Input Group 1'!F17,_xlpm.D,'Input Group 1'!O17,_xlpm.dp,IF('Input Group 1'!$E17="",3,'Input Group 1'!$E17),_xlpm.xr,ROUND(_xlpm.x,_xlpm.dp),_xlpm.lo,ROUND(_xlpm.ref-_xlpm.D,_xlpm.dp),_xlpm.hi,ROUND(_xlpm.ref+_xlpm.D,_xlpm.dp),IF(_xlpm.xr>=_xlpm.ref,(_xlpm.xr-_xlpm.ref)/(_xlpm.hi-_xlpm.ref),(_xlpm.xr-_xlpm.ref)/(_xlpm.ref-_xlpm.lo))) -> 0.11111111
C17: =TRIM('Input Group 1'!B17) -> ALT | D17: ='Input Group 1'!C17 -> U/L | E17: ='Input Group 1'!D17 -> 874 | F17: URL | G17: =_xlfn.LET(_xlpm.x,'Input Group 1'!W17,_xlpm.ref,'Input Group 1'!G17,_xlpm.D,'Input Group 1'!S17,_xlpm.dp,IF('Input Group 1'!$E17="",3,'Input Group 1'!$E17),_xlpm.xr,ROUND(_xlpm.x,_xlpm.dp),_xlpm.lo,ROUND(_xlpm.ref-_xlpm.D,_xlpm.dp),_xlpm.hi,ROUND(_xlpm.ref+_xlpm.D,_xlpm.dp),IF(_xlpm.xr>=_xlpm.ref,(_xlpm.xr-_xlpm.ref)/(_xlpm.hi-_xlpm.ref),(_xlpm.xr-_xlpm.ref)/(_xlpm.ref-_xlpm.lo))) -> 0.3030303 | H17: =_xlfn.LET(_xlpm.x,'Input Group 1'!AA17,_xlpm.ref,'Input Group 1'!G17,_xlpm.D,'Input Group 1'!S17,_xlpm.dp,IF('Input Group 1'!$E17="",3,'Input Group 1'!$E17),_xlpm.xr,ROUND(_xlpm.x,_xlpm.dp),_xlpm.lo,ROUND(_xlpm.ref-_xlpm.D,_xlpm.dp),_xlpm.hi,ROUND(_xlpm.ref+_xlpm.D,_xlpm.dp),IF(_xlpm.xr>=_xlpm.ref,(_xlpm.xr-_xlpm.ref)/(_xlpm.hi-_xlpm.ref),(_xlpm.xr-_xlpm.ref)/(_xlpm.ref-_xlpm.lo))) -> 0.060606061 | I17: =_xlfn.LET(_xlpm.x,'Input Group 1'!AE17,_xlpm.ref,'Input Group 1'!G17,_xlpm.D,'Input Group 1'!S17,_xlpm.dp,IF('Input Group 1'!$E17="",3,'Input Group 1'!$E17),_xlpm.xr,ROUND(_xlpm.x,_xlpm.dp),_xlpm.lo,ROUND(_xlpm.ref-_xlpm.D,_xlpm.dp),_xlpm.hi,ROUND(_xlpm.ref+_xlpm.D,_xlpm.dp),IF(_xlpm.xr>=_xlpm.ref,(_xlpm.xr-_xlpm.ref)/(_xlpm.hi-_xlpm.ref),(_xlpm.xr-_xlpm.ref)/(_xlpm.ref-_xlpm.lo))) -> -0.090909091 | J17: =_xlfn.LET(_xlpm.x,'Input Group 1'!AI17,_xlpm.ref,'Input Group 1'!G17,_xlpm.D,'Input Group 1'!S17,_xlpm.dp,IF('Input Group 1'!$E17="",3,'Input Group 1'!$E17),_xlpm.xr,ROUND(_xlpm.x,_xlpm.dp),_xlpm.lo,ROUND(_xlpm.ref-_xlpm.D,_xlpm.dp),_xlpm.hi,ROUND(_xlpm.ref+_xlpm.D,_xlpm.dp),IF(_xlpm.xr>=_xlpm.ref,(_xlpm.xr-_xlpm.ref)/(_xlpm.hi-_xlpm.ref),(_xlpm.xr-_xlpm.ref)/(_xlpm.ref-_xlpm.lo))) -> 0.15151515 | K17: =_xlfn.LET(_xlpm.x,'Input Group 1'!AM17,_xlpm.ref,'Input Group 1'!G17,_xlpm.D,'Input Group 1'!S17,_xlpm.dp,IF('Input Group 1'!$E17="",3,'Input Group 1'!$E17),_xlpm.xr,ROUND(_xlpm.x,_xlpm.dp),_xlpm.lo,ROUND(_xlpm.ref-_xlpm.D,_xlpm.dp),_xlpm.hi,ROUND(_xlpm.ref+_xlpm.D,_xlpm.dp),IF(_xlpm.xr>=_xlpm.ref,(_xlpm.xr-_xlpm.ref)/(_xlpm.hi-_xlpm.ref),(_xlpm.xr-_xlpm.ref)/(_xlpm.ref-_xlpm.lo))) -> 0.27272727
C18: =TRIM('Input Group 1'!B18) -> GGT | D18: ='Input Group 1'!C18 -> U/L | E18: ='Input Group 1'!D18 -> 874 | F18: LRL | G18: =_xlfn.LET(_xlpm.x,'Input Group 1'!V18,_xlpm.ref,'Input Group 1'!F18,_xlpm.D,'Input Group 1'!O18,_xlpm.dp,IF('Input Group 1'!$E18="",3,'Input Group 1'!$E18),_xlpm.xr,ROUND(_xlpm.x,_xlpm.dp),_xlpm.lo,ROUND(_xlpm.ref-_xlpm.D,_xlpm.dp),_xlpm.hi,ROUND(_xlpm.ref+_xlpm.D,_xlpm.dp),IF(_xlpm.xr>=_xlpm.ref,(_xlpm.xr-_xlpm.ref)/(_xlpm.hi-_xlpm.ref),(_xlpm.xr-_xlpm.ref)/(_xlpm.ref-_xlpm.lo))) -> -0.48 | H18: =_xlfn.LET(_xlpm.x,'Input Group 1'!Z18,_xlpm.ref,'Input Group 1'!F18,_xlpm.D,'Input Group 1'!O18,_xlpm.dp,IF('Input Group 1'!$E18="",3,'Input Group 1'!$E18),_xlpm.xr,ROUND(_xlpm.x,_xlpm.dp),_xlpm.lo,ROUND(_xlpm.ref-_xlpm.D,_xlpm.dp),_xlpm.hi,ROUND(_xlpm.ref+_xlpm.D,_xlpm.dp),IF(_xlpm.xr>=_xlpm.ref,(_xlpm.xr-_xlpm.ref)/(_xlpm.hi-_xlpm.ref),(_xlpm.xr-_xlpm.ref)/(_xlpm.ref-_xlpm.lo))) -> 4.72 | I18: =_xlfn.LET(_xlpm.x,'Input Group 1'!AD18,_xlpm.ref,'Input Group 1'!F18,_xlpm.D,'Input Group 1'!O18,_xlpm.dp,IF('Input Group 1'!$E18="",3,'Input Group 1'!$E18),_xlpm.xr,ROUND(_xlpm.x,_xlpm.dp),_xlpm.lo,ROUND(_xlpm.ref-_xlpm.D,_xlpm.dp),_xlpm.hi,ROUND(_xlpm.ref+_xlpm.D,_xlpm.dp),IF(_xlpm.xr>=_xlpm.ref,(_xlpm.xr-_xlpm.ref)/(_xlpm.hi-_xlpm.ref),(_xlpm.xr-_xlpm.ref)/(_xlpm.ref-_xlpm.lo))) -> -0.013333333 | J18: =_xlfn.LET(_xlpm.x,'Input Group 1'!AH18,_xlpm.ref,'Input Group 1'!F18,_xlpm.D,'Input Group 1'!O18,_xlpm.dp,IF('Input Group 1'!$E18="",3,'Input Group 1'!$E18),_xlpm.xr,ROUND(_xlpm.x,_xlpm.dp),_xlpm.lo,ROUND(_xlpm.ref-_xlpm.D,_xlpm.dp),_xlpm.hi,ROUND(_xlpm.ref+_xlpm.D,_xlpm.dp),IF(_xlpm.xr>=_xlpm.ref,(_xlpm.xr-_xlpm.ref)/(_xlpm.hi-_xlpm.ref),(_xlpm.xr-_xlpm.ref)/(_xlpm.ref-_xlpm.lo))) -> -0.41333333 | K18: =_xlfn.LET(_xlpm.x,'Input Group 1'!AL18,_xlpm.ref,'Input Group 1'!F18,_xlpm.D,'Input Group 1'!O18,_xlpm.dp,IF('Input Group 1'!$E18="",3,'Input Group 1'!$E18),_xlpm.xr,ROUND(_xlpm.x,_xlpm.dp),_xlpm.lo,ROUND(_xlpm.ref-_xlpm.D,_xlpm.dp),_xlpm.hi,ROUND(_xlpm.ref+_xlpm.D,_xlpm.dp),IF(_xlpm.xr>=_xlpm.ref,(_xlpm.xr-_xlpm.ref)/(_xlpm.hi-_xlpm.ref),(_xlpm.xr-_xlpm.ref)/(_xlpm.ref-_xlpm.lo))) -> 0.033333333
C19: =TRIM('Input Group 1'!B18) -> GGT | D19: ='Input Group 1'!C18 -> U/L | E19: ='Input Group 1'!D18 -> 874 | F19: URL | G19: =_xlfn.LET(_xlpm.x,'Input Group 1'!W18,_xlpm.ref,'Input Group 1'!G18,_xlpm.D,'Input Group 1'!S18,_xlpm.dp,IF('Input Group 1'!$E18="",3,'Input Group 1'!$E18),_xlpm.xr,ROUND(_xlpm.x,_xlpm.dp),_xlpm.lo,ROUND(_xlpm.ref-_xlpm.D,_xlpm.dp),_xlpm.hi,ROUND(_xlpm.ref+_xlpm.D,_xlpm.dp),IF(_xlpm.xr>=_xlpm.ref,(_xlpm.xr-_xlpm.ref)/(_xlpm.hi-_xlpm.ref),(_xlpm.xr-_xlpm.ref)/(_xlpm.ref-_xlpm.lo))) -> -0.85501066 | H19: =_xlfn.LET(_xlpm.x,'Input Group 1'!AA18,_xlpm.ref,'Input Group 1'!G18,_xlpm.D,'Input Group 1'!S18,_xlpm.dp,IF('Input Group 1'!$E18="",3,'Input Group 1'!$E18),_xlpm.xr,ROUND(_xlpm.x,_xlpm.dp),_xlpm.lo,ROUND(_xlpm.ref-_xlpm.D,_xlpm.dp),_xlpm.hi,ROUND(_xlpm.ref+_xlpm.D,_xlpm.dp),IF(_xlpm.xr>=_xlpm.ref,(_xlpm.xr-_xlpm.ref)/(_xlpm.hi-_xlpm.ref),(_xlpm.xr-_xlpm.ref)/(_xlpm.ref-_xlpm.lo))) -> 0.1684435 | I19: =_xlfn.LET(_xlpm.x,'Input Group 1'!AE18,_xlpm.ref,'Input Group 1'!G18,_xlpm.D,'Input Group 1'!S18,_xlpm.dp,IF('Input Group 1'!$E18="",3,'Input Group 1'!$E18),_xlpm.xr,ROUND(_xlpm.x,_xlpm.dp),_xlpm.lo,ROUND(_xlpm.ref-_xlpm.D,_xlpm.dp),_xlpm.hi,ROUND(_xlpm.ref+_xlpm.D,_xlpm.dp),IF(_xlpm.xr>=_xlpm.ref,(_xlpm.xr-_xlpm.ref)/(_xlpm.hi-_xlpm.ref),(_xlpm.xr-_xlpm.ref)/(_xlpm.ref-_xlpm.lo))) -> -0.98294243 | J19: =_xlfn.LET(_xlpm.x,'Input Group 1'!AI18,_xlpm.ref,'Input Group 1'!G18,_xlpm.D,'Input Group 1'!S18,_xlpm.dp,IF('Input Group 1'!$E18="",3,'Input Group 1'!$E18),_xlpm.xr,ROUND(_xlpm.x,_xlpm.dp),_xlpm.lo,ROUND(_xlpm.ref-_xlpm.D,_xlpm.dp),_xlpm.hi,ROUND(_xlpm.ref+_xlpm.D,_xlpm.dp),IF(_xlpm.xr>=_xlpm.ref,(_xlpm.xr-_xlpm.ref)/(_xlpm.hi-_xlpm.ref),(_xlpm.xr-_xlpm.ref)/(_xlpm.ref-_xlpm.lo))) -> -0.81236674 | K19: =_xlfn.LET(_xlpm.x,'Input Group 1'!AM18,_xlpm.ref,'Input Group 1'!G18,_xlpm.D,'Input Group 1'!S18,_xlpm.dp,IF('Input Group 1'!$E18="",3,'Input Group 1'!$E18),_xlpm.xr,ROUND(_xlpm.x,_xlpm.dp),_xlpm.lo,ROUND(_xlpm.ref-_xlpm.D,_xlpm.dp),_xlpm.hi,ROUND(_xlpm.ref+_xlpm.D,_xlpm.dp),IF(_xlpm.xr>=_xlpm.ref,(_xlpm.xr-_xlpm.ref)/(_xlpm.hi-_xlpm.ref),(_xlpm.xr-_xlpm.ref)/(_xlpm.ref-_xlpm.lo))) -> -0.36034115
C20: =TRIM('Input Group 1'!B19) -> RBC | D20: ='Input Group 1'!C19 -> 10^6/μL | E20: ='Input Group 1'!D19 -> 992 | F20: LRL | G20: =_xlfn.LET(_xlpm.x,'Input Group 1'!V19,_xlpm.ref,'Input Group 1'!F19,_xlpm.D,'Input Group 1'!O19,_xlpm.dp,IF('Input Group 1'!$E19="",3,'Input Group 1'!$E19),_xlpm.xr,ROUND(_xlpm.x,_xlpm.dp),_xlpm.lo,ROUND(_xlpm.ref-_xlpm.D,_xlpm.dp),_xlpm.hi,ROUND(_xlpm.ref+_xlpm.D,_xlpm.dp),IF(_xlpm.xr>=_xlpm.ref,(_xlpm.xr-_xlpm.ref)/(_xlpm.hi-_xlpm.ref),(_xlpm.xr-_xlpm.ref)/(_xlpm.ref-_xlpm.lo))) -> -0.86956522 | H20: =_xlfn.LET(_xlpm.x,'Input Group 1'!Z19,_xlpm.ref,'Input Group 1'!F19,_xlpm.D,'Input Group 1'!O19,_xlpm.dp,IF('Input Group 1'!$E19="",3,'Input Group 1'!$E19),_xlpm.xr,ROUND(_xlpm.x,_xlpm.dp),_xlpm.lo,ROUND(_xlpm.ref-_xlpm.D,_xlpm.dp),_xlpm.hi,ROUND(_xlpm.ref+_xlpm.D,_xlpm.dp),IF(_xlpm.xr>=_xlpm.ref,(_xlpm.xr-_xlpm.ref)/(_xlpm.hi-_xlpm.ref),(_xlpm.xr-_xlpm.ref)/(_xlpm.ref-_xlpm.lo))) -> 0.34782609 | I20: =_xlfn.LET(_xlpm.x,'Input Group 1'!AD19,_xlpm.ref,'Input Group 1'!F19,_xlpm.D,'Input Group 1'!O19,_xlpm.dp,IF('Input Group 1'!$E19="",3,'Input Group 1'!$E19),_xlpm.xr,ROUND(_xlpm.x,_xlpm.dp),_xlpm.lo,ROUND(_xlpm.ref-_xlpm.D,_xlpm.dp),_xlpm.hi,ROUND(_xlpm.ref+_xlpm.D,_xlpm.dp),IF(_xlpm.xr>=_xlpm.ref,(_xlpm.xr-_xlpm.ref)/(_xlpm.hi-_xlpm.ref),(_xlpm.xr-_xlpm.ref)/(_xlpm.ref-_xlpm.lo))) -> -0.086956522 | J20: =_xlfn.LET(_xlpm.x,'Input Group 1'!AH19,_xlpm.ref,'Input Group 1'!F19,_xlpm.D,'Input Group 1'!O19,_xlpm.dp,IF('Input Group 1'!$E19="",3,'Input Group 1'!$E19),_xlpm.xr,ROUND(_xlpm.x,_xlpm.dp),_xlpm.lo,ROUND(_xlpm.ref-_xlpm.D,_xlpm.dp),_xlpm.hi,ROUND(_xlpm.ref+_xlpm.D,_xlpm.dp),IF(_xlpm.xr>=_xlpm.ref,(_xlpm.xr-_xlpm.ref)/(_xlpm.hi-_xlpm.ref),(_xlpm.xr-_xlpm.ref)/(_xlpm.ref-_xlpm.lo))) -> -0.86956522 | K20: =_xlfn.LET(_xlpm.x,'Input Group 1'!AL19,_xlpm.ref,'Input Group 1'!F19,_xlpm.D,'Input Group 1'!O19,_xlpm.dp,IF('Input Group 1'!$E19="",3,'Input Group 1'!$E19),_xlpm.xr,ROUND(_xlpm.x,_xlpm.dp),_xlpm.lo,ROUND(_xlpm.ref-_xlpm.D,_xlpm.dp),_xlpm.hi,ROUND(_xlpm.ref+_xlpm.D,_xlpm.dp),IF(_xlpm.xr>=_xlpm.ref,(_xlpm.xr-_xlpm.ref)/(_xlpm.hi-_xlpm.ref),(_xlpm.xr-_xlpm.ref)/(_xlpm.ref-_xlpm.lo))) -> 0
C21: =TRIM('Input Group 1'!B19) -> RBC | D21: ='Input Group 1'!C19 -> 10^6/μL | E21: ='Input Group 1'!D19 -> 992 | F21: URL | G21: =_xlfn.LET(_xlpm.x,'Input Group 1'!W19,_xlpm.ref,'Input Group 1'!G19,_xlpm.D,'Input Group 1'!S19,_xlpm.dp,IF('Input Group 1'!$E19="",3,'Input Group 1'!$E19),_xlpm.xr,ROUND(_xlpm.x,_xlpm.dp),_xlpm.lo,ROUND(_xlpm.ref-_xlpm.D,_xlpm.dp),_xlpm.hi,ROUND(_xlpm.ref+_xlpm.D,_xlpm.dp),IF(_xlpm.xr>=_xlpm.ref,(_xlpm.xr-_xlpm.ref)/(_xlpm.hi-_xlpm.ref),(_xlpm.xr-_xlpm.ref)/(_xlpm.ref-_xlpm.lo))) -> -0.26470588 | H21: =_xlfn.LET(_xlpm.x,'Input Group 1'!AA19,_xlpm.ref,'Input Group 1'!G19,_xlpm.D,'Input Group 1'!S19,_xlpm.dp,IF('Input Group 1'!$E19="",3,'Input Group 1'!$E19),_xlpm.xr,ROUND(_xlpm.x,_xlpm.dp),_xlpm.lo,ROUND(_xlpm.ref-_xlpm.D,_xlpm.dp),_xlpm.hi,ROUND(_xlpm.ref+_xlpm.D,_xlpm.dp),IF(_xlpm.xr>=_xlpm.ref,(_xlpm.xr-_xlpm.ref)/(_xlpm.hi-_xlpm.ref),(_xlpm.xr-_xlpm.ref)/(_xlpm.ref-_xlpm.lo))) -> 0.11764706 | I21: =_xlfn.LET(_xlpm.x,'Input Group 1'!AE19,_xlpm.ref,'Input Group 1'!G19,_xlpm.D,'Input Group 1'!S19,_xlpm.dp,IF('Input Group 1'!$E19="",3,'Input Group 1'!$E19),_xlpm.xr,ROUND(_xlpm.x,_xlpm.dp),_xlpm.lo,ROUND(_xlpm.ref-_xlpm.D,_xlpm.dp),_xlpm.hi,ROUND(_xlpm.ref+_xlpm.D,_xlpm.dp),IF(_xlpm.xr>=_xlpm.ref,(_xlpm.xr-_xlpm.ref)/(_xlpm.hi-_xlpm.ref),(_xlpm.xr-_xlpm.ref)/(_xlpm.ref-_xlpm.lo))) -> -0.23529412 | J21: =_xlfn.LET(_xlpm.x,'Input Group 1'!AI19,_xlpm.ref,'Input Group 1'!G19,_xlpm.D,'Input Group 1'!S19,_xlpm.dp,IF('Input Group 1'!$E19="",3,'Input Group 1'!$E19),_xlpm.xr,ROUND(_xlpm.x,_xlpm.dp),_xlpm.lo,ROUND(_xlpm.ref-_xlpm.D,_xlpm.dp),_xlpm.hi,ROUND(_xlpm.ref+_xlpm.D,_xlpm.dp),IF(_xlpm.xr>=_xlpm.ref,(_xlpm.xr-_xlpm.ref)/(_xlpm.hi-_xlpm.ref),(_xlpm.xr-_xlpm.ref)/(_xlpm.ref-_xlpm.lo))) -> -0.11764706 | K21: =_xlfn.LET(_xlpm.x,'Input Group 1'!AM19,_xlpm.ref,'Input Group 1'!G19,_xlpm.D,'Input Group 1'!S19,_xlpm.dp,IF('Input Group 1'!$E19="",3,'Input Group 1'!$E19),_xlpm.xr,ROUND(_xlpm.x,_xlpm.dp),_xlpm.lo,ROUND(_xlpm.ref-_xlpm.D,_xlpm.dp),_xlpm.hi,ROUND(_xlpm.ref+_xlpm.D,_xlpm.dp),IF(_xlpm.xr>=_xlpm.ref,(_xlpm.xr-_xlpm.ref)/(_xlpm.hi-_xlpm.ref),(_xlpm.xr-_xlpm.ref)/(_xlpm.ref-_xlpm.lo))) -> -0.088235294
C22: =TRIM('Input Group 1'!B20) -> Hb | D22: ='Input Group 1'!C20 -> g/dL | E22: ='Input Group 1'!D20 -> 992 | F22: LRL | G22: =_xlfn.LET(_xlpm.x,'Input Group 1'!V20,_xlpm.ref,'Input Group 1'!F20,_xlpm.D,'Input Group 1'!O20,_xlpm.dp,IF('Input Group 1'!$E20="",3,'Input Group 1'!$E20),_xlpm.xr,ROUND(_xlpm.x,_xlpm.dp),_xlpm.lo,ROUND(_xlpm.ref-_xlpm.D,_xlpm.dp),_xlpm.hi,ROUND(_xlpm.ref+_xlpm.D,_xlpm.dp),IF(_xlpm.xr>=_xlpm.ref,(_xlpm.xr-_xlpm.ref)/(_xlpm.hi-_xlpm.ref),(_xlpm.xr-_xlpm.ref)/(_xlpm.ref-_xlpm.lo))) -> 0.30769231 | H22: =_xlfn.LET(_xlpm.x,'Input Group 1'!Z20,_xlpm.ref,'Input Group 1'!F20,_xlpm.D,'Input Group 1'!O20,_xlpm.dp,IF('Input Group 1'!$E20="",3,'Input Group 1'!$E20),_xlpm.xr,ROUND(_xlpm.x,_xlpm.dp),_xlpm.lo,ROUND(_xlpm.ref-_xlpm.D,_xlpm.dp),_xlpm.hi,ROUND(_xlpm.ref+_xlpm.D,_xlpm.dp),IF(_xlpm.xr>=_xlpm.ref,(_xlpm.xr-_xlpm.ref)/(_xlpm.hi-_xlpm.ref),(_xlpm.xr-_xlpm.ref)/(_xlpm.ref-_xlpm.lo))) -> 0.61538462 | I22: =_xlfn.LET(_xlpm.x,'Input Group 1'!AD20,_xlpm.ref,'Input Group 1'!F20,_xlpm.D,'Input Group 1'!O20,_xlpm.dp,IF('Input Group 1'!$E20="",3,'Input Group 1'!$E20),_xlpm.xr,ROUND(_xlpm.x,_xlpm.dp),_xlpm.lo,ROUND(_xlpm.ref-_xlpm.D,_xlpm.dp),_xlpm.hi,ROUND(_xlpm.ref+_xlpm.D,_xlpm.dp),IF(_xlpm.xr>=_xlpm.ref,(_xlpm.xr-_xlpm.ref)/(_xlpm.hi-_xlpm.ref),(_xlpm.xr-_xlpm.ref)/(_xlpm.ref-_xlpm.lo))) -> 1.0769231 | J22: =_xlfn.LET(_xlpm.x,'Input Group 1'!AH20,_xlpm.ref,'Input Group 1'!F20,_xlpm.D,'Input Group 1'!O20,_xlpm.dp,IF('Input Group 1'!$E20="",3,'Input Group 1'!$E20),_xlpm.xr,ROUND(_xlpm.x,_xlpm.dp),_xlpm.lo,ROUND(_xlpm.ref-_xlpm.D,_xlpm.dp),_xlpm.hi,ROUND(_xlpm.ref+_xlpm.D,_xlpm.dp),IF(_xlpm.xr>=_xlpm.ref,(_xlpm.xr-_xlpm.ref)/(_xlpm.hi-_xlpm.ref),(_xlpm.xr-_xlpm.ref)/(_xlpm.ref-_xlpm.lo))) -> 0.46153846 | K22: =_xlfn.LET(_xlpm.x,'Input Group 1'!AL20,_xlpm.ref,'Input Group 1'!F20,_xlpm.D,'Input Group 1'!O20,_xlpm.dp,IF('Input Group 1'!$E20="",3,'Input Group 1'!$E20),_xlpm.xr,ROUND(_xlpm.x,_xlpm.dp),_xlpm.lo,ROUND(_xlpm.ref-_xlpm.D,_xlpm.dp),_xlpm.hi,ROUND(_xlpm.ref+_xlpm.D,_xlpm.dp),IF(_xlpm.xr>=_xlpm.ref,(_xlpm.xr-_xlpm.ref)/(_xlpm.hi-_xlpm.ref),(_xlpm.xr-_xlpm.ref)/(_xlpm.ref-_xlpm.lo))) -> 0.26153846
C23: =TRIM('Input Group 1'!B20) -> Hb | D23: ='Input Group 1'!C20 -> g/dL | E23: ='Input Group 1'!D20 -> 992 | F23: URL | G23: =_xlfn.LET(_xlpm.x,'Input Group 1'!W20,_xlpm.ref,'Input Group 1'!G20,_xlpm.D,'Input Group 1'!S20,_xlpm.dp,IF('Input Group 1'!$E20="",3,'Input Group 1'!$E20),_xlpm.xr,ROUND(_xlpm.x,_xlpm.dp),_xlpm.lo,ROUND(_xlpm.ref-_xlpm.D,_xlpm.dp),_xlpm.hi,ROUND(_xlpm.ref+_xlpm.D,_xlpm.dp),IF(_xlpm.xr>=_xlpm.ref,(_xlpm.xr-_xlpm.ref)/(_xlpm.hi-_xlpm.ref),(_xlpm.xr-_xlpm.ref)/(_xlpm.ref-_xlpm.lo))) -> 1.625 | H23: =_xlfn.LET(_xlpm.x,'Input Group 1'!AA20,_xlpm.ref,'Input Group 1'!G20,_xlpm.D,'Input Group 1'!S20,_xlpm.dp,IF('Input Group 1'!$E20="",3,'Input Group 1'!$E20),_xlpm.xr,ROUND(_xlpm.x,_xlpm.dp),_xlpm.lo,ROUND(_xlpm.ref-_xlpm.D,_xlpm.dp),_xlpm.hi,ROUND(_xlpm.ref+_xlpm.D,_xlpm.dp),IF(_xlpm.xr>=_xlpm.ref,(_xlpm.xr-_xlpm.ref)/(_xlpm.hi-_xlpm.ref),(_xlpm.xr-_xlpm.ref)/(_xlpm.ref-_xlpm.lo))) -> -0.14583333 | I23: =_xlfn.LET(_xlpm.x,'Input Group 1'!AE20,_xlpm.ref,'Input Group 1'!G20,_xlpm.D,'Input Group 1'!S20,_xlpm.dp,IF('Input Group 1'!$E20="",3,'Input Group 1'!$E20),_xlpm.xr,ROUND(_xlpm.x,_xlpm.dp),_xlpm.lo,ROUND(_xlpm.ref-_xlpm.D,_xlpm.dp),_xlpm.hi,ROUND(_xlpm.ref+_xlpm.D,_xlpm.dp),IF(_xlpm.xr>=_xlpm.ref,(_xlpm.xr-_xlpm.ref)/(_xlpm.hi-_xlpm.ref),(_xlpm.xr-_xlpm.ref)/(_xlpm.ref-_xlpm.lo))) -> -0.041666667 | J23: =_xlfn.LET(_xlpm.x,'Input Group 1'!AI20,_xlpm.ref,'Input Group 1'!G20,_xlpm.D,'Input Group 1'!S20,_xlpm.dp,IF('Input Group 1'!$E20="",3,'Input Group 1'!$E20),_xlpm.xr,ROUND(_xlpm.x,_xlpm.dp),_xlpm.lo,ROUND(_xlpm.ref-_xlpm.D,_xlpm.dp),_xlpm.hi,ROUND(_xlpm.ref+_xlpm.D,_xlpm.dp),IF(_xlpm.xr>=_xlpm.ref,(_xlpm.xr-_xlpm.ref)/(_xlpm.hi-_xlpm.ref),(_xlpm.xr-_xlpm.ref)/(_xlpm.ref-_xlpm.lo))) -> 0.16666667 | K23: =_xlfn.LET(_xlpm.x,'Input Group 1'!AM20,_xlpm.ref,'Input Group 1'!G20,_xlpm.D,'Input Group 1'!S20,_xlpm.dp,IF('Input Group 1'!$E20="",3,'Input Group 1'!$E20),_xlpm.xr,ROUND(_xlpm.x,_xlpm.dp),_xlpm.lo,ROUND(_xlpm.ref-_xlpm.D,_xlpm.dp),_xlpm.hi,ROUND(_xlpm.ref+_xlpm.D,_xlpm.dp),IF(_xlpm.xr>=_xlpm.ref,(_xlpm.xr-_xlpm.ref)/(_xlpm.hi-_xlpm.ref),(_xlpm.xr-_xlpm.ref)/(_xlpm.ref-_xlpm.lo))) -> -0.041666667
C24: =TRIM('Input Group 1'!B21) -> WBC | D24: ='Input Group 1'!C21 -> 10^3/μL | E24: ='Input Group 1'!D21 -> 992 | F24: LRL | G24: =_xlfn.LET(_xlpm.x,'Input Group 1'!V21,_xlpm.ref,'Input Group 1'!F21,_xlpm.D,'Input Group 1'!O21,_xlpm.dp,IF('Input Group 1'!$E21="",3,'Input Group 1'!$E21),_xlpm.xr,ROUND(_xlpm.x,_xlpm.dp),_xlpm.lo,ROUND(_xlpm.ref-_xlpm.D,_xlpm.dp),_xlpm.hi,ROUND(_xlpm.ref+_xlpm.D,_xlpm.dp),IF(_xlpm.xr>=_xlpm.ref,(_xlpm.xr-_xlpm.ref)/(_xlpm.hi-_xlpm.ref),(_xlpm.xr-_xlpm.ref)/(_xlpm.ref-_xlpm.lo))) -> 1.75 | H24: =_xlfn.LET(_xlpm.x,'Input Group 1'!Z21,_xlpm.ref,'Input Group 1'!F21,_xlpm.D,'Input Group 1'!O21,_xlpm.dp,IF('Input Group 1'!$E21="",3,'Input Group 1'!$E21),_xlpm.xr,ROUND(_xlpm.x,_xlpm.dp),_xlpm.lo,ROUND(_xlpm.ref-_xlpm.D,_xlpm.dp),_xlpm.hi,ROUND(_xlpm.ref+_xlpm.D,_xlpm.dp),IF(_xlpm.xr>=_xlpm.ref,(_xlpm.xr-_xlpm.ref)/(_xlpm.hi-_xlpm.ref),(_xlpm.xr-_xlpm.ref)/(_xlpm.ref-_xlpm.lo))) -> 0.071428571 | I24: =_xlfn.LET(_xlpm.x,'Input Group 1'!AD21,_xlpm.ref,'Input Group 1'!F21,_xlpm.D,'Input Group 1'!O21,_xlpm.dp,IF('Input Group 1'!$E21="",3,'Input Group 1'!$E21),_xlpm.xr,ROUND(_xlpm.x,_xlpm.dp),_xlpm.lo,ROUND(_xlpm.ref-_xlpm.D,_xlpm.dp),_xlpm.hi,ROUND(_xlpm.ref+_xlpm.D,_xlpm.dp),IF(_xlpm.xr>=_xlpm.ref,(_xlpm.xr-_xlpm.ref)/(_xlpm.hi-_xlpm.ref),(_xlpm.xr-_xlpm.ref)/(_xlpm.ref-_xlpm.lo))) -> 0.64285714 | J24: =_xlfn.LET(_xlpm.x,'Input Group 1'!AH21,_xlpm.ref,'Input Group 1'!F21,_xlpm.D,'Input Group 1'!O21,_xlpm.dp,IF('Input Group 1'!$E21="",3,'Input Group 1'!$E21),_xlpm.xr,ROUND(_xlpm.x,_xlpm.dp),_xlpm.lo,ROUND(_xlpm.ref-_xlpm.D,_xlpm.dp),_xlpm.hi,ROUND(_xlpm.ref+_xlpm.D,_xlpm.dp),IF(_xlpm.xr>=_xlpm.ref,(_xlpm.xr-_xlpm.ref)/(_xlpm.hi-_xlpm.ref),(_xlpm.xr-_xlpm.ref)/(_xlpm.ref-_xlpm.lo))) -> 0.57142857 | K24: =_xlfn.LET(_xlpm.x,'Input Group 1'!AL21,_xlpm.ref,'Input Group 1'!F21,_xlpm.D,'Input Group 1'!O21,_xlpm.dp,IF('Input Group 1'!$E21="",3,'Input Group 1'!$E21),_xlpm.xr,ROUND(_xlpm.x,_xlpm.dp),_xlpm.lo,ROUND(_xlpm.ref-_xlpm.D,_xlpm.dp),_xlpm.hi,ROUND(_xlpm.ref+_xlpm.D,_xlpm.dp),IF(_xlpm.xr>=_xlpm.ref,(_xlpm.xr-_xlpm.ref)/(_xlpm.hi-_xlpm.ref),(_xlpm.xr-_xlpm.ref)/(_xlpm.ref-_xlpm.lo))) -> 0.32142857
C25: =TRIM('Input Group 1'!B21) -> WBC | D25: ='Input Group 1'!C21 -> 10^3/μL | E25: ='Input Group 1'!D21 -> 992 | F25: URL | G25: =_xlfn.LET(_xlpm.x,'Input Group 1'!W21,_xlpm.ref,'Input Group 1'!G21,_xlpm.D,'Input Group 1'!S21,_xlpm.dp,IF('Input Group 1'!$E21="",3,'Input Group 1'!$E21),_xlpm.xr,ROUND(_xlpm.x,_xlpm.dp),_xlpm.lo,ROUND(_xlpm.ref-_xlpm.D,_xlpm.dp),_xlpm.hi,ROUND(_xlpm.ref+_xlpm.D,_xlpm.dp),IF(_xlpm.xr>=_xlpm.ref,(_xlpm.xr-_xlpm.ref)/(_xlpm.hi-_xlpm.ref),(_xlpm.xr-_xlpm.ref)/(_xlpm.ref-_xlpm.lo))) -> 0.071428571 | H25: =_xlfn.LET(_xlpm.x,'Input Group 1'!AA21,_xlpm.ref,'Input Group 1'!G21,_xlpm.D,'Input Group 1'!S21,_xlpm.dp,IF('Input Group 1'!$E21="",3,'Input Group 1'!$E21),_xlpm.xr,ROUND(_xlpm.x,_xlpm.dp),_xlpm.lo,ROUND(_xlpm.ref-_xlpm.D,_xlpm.dp),_xlpm.hi,ROUND(_xlpm.ref+_xlpm.D,_xlpm.dp),IF(_xlpm.xr>=_xlpm.ref,(_xlpm.xr-_xlpm.ref)/(_xlpm.hi-_xlpm.ref),(_xlpm.xr-_xlpm.ref)/(_xlpm.ref-_xlpm.lo))) -> 0.64285714 | I25: =_xlfn.LET(_xlpm.x,'Input Group 1'!AE21,_xlpm.ref,'Input Group 1'!G21,_xlpm.D,'Input Group 1'!S21,_xlpm.dp,IF('Input Group 1'!$E21="",3,'Input Group 1'!$E21),_xlpm.xr,ROUND(_xlpm.x,_xlpm.dp),_xlpm.lo,ROUND(_xlpm.ref-_xlpm.D,_xlpm.dp),_xlpm.hi,ROUND(_xlpm.ref+_xlpm.D,_xlpm.dp),IF(_xlpm.xr>=_xlpm.ref,(_xlpm.xr-_xlpm.ref)/(_xlpm.hi-_xlpm.ref),(_xlpm.xr-_xlpm.ref)/(_xlpm.ref-_xlpm.lo))) -> 0.57142857 | J25: =_xlfn.LET(_xlpm.x,'Input Group 1'!AI21,_xlpm.ref,'Input Group 1'!G21,_xlpm.D,'Input Group 1'!S21,_xlpm.dp,IF('Input Group 1'!$E21="",3,'Input Group 1'!$E21),_xlpm.xr,ROUND(_xlpm.x,_xlpm.dp),_xlpm.lo,ROUND(_xlpm.ref-_xlpm.D,_xlpm.dp),_xlpm.hi,ROUND(_xlpm.ref+_xlpm.D,_xlpm.dp),IF(_xlpm.xr>=_xlpm.ref,(_xlpm.xr-_xlpm.ref)/(_xlpm.hi-_xlpm.ref),(_xlpm.xr-_xlpm.ref)/(_xlpm.ref-_xlpm.lo))) -> 0.78571429 | K25: =_xlfn.LET(_xlpm.x,'Input Group 1'!AM21,_xlpm.ref,'Input Group 1'!G21,_xlpm.D,'Input Group 1'!S21,_xlpm.dp,IF('Input Group 1'!$E21="",3,'Input Group 1'!$E21),_xlpm.xr,ROUND(_xlpm.x,_xlpm.dp),_xlpm.lo,ROUND(_xlpm.ref-_xlpm.D,_xlpm.dp),_xlpm.hi,ROUND(_xlpm.ref+_xlpm.D,_xlpm.dp),IF(_xlpm.xr>=_xlpm.ref,(_xlpm.xr-_xlpm.ref)/(_xlpm.hi-_xlpm.ref),(_xlpm.xr-_xlpm.ref)/(_xlpm.ref-_xlpm.lo))) -> 0.75
C26: =TRIM('Input Group 1'!B22) -> LYM | D26: ='Input Group 1'!C22 -> 10^3/μL | E26: ='Input Group 1'!D22 -> 992 | F26: LRL | G26: =_xlfn.LET(_xlpm.x,'Input Group 1'!V22,_xlpm.ref,'Input Group 1'!F22,_xlpm.D,'Input Group 1'!O22,_xlpm.dp,IF('Input Group 1'!$E22="",3,'Input Group 1'!$E22),_xlpm.xr,ROUND(_xlpm.x,_xlpm.dp),_xlpm.lo,ROUND(_xlpm.ref-_xlpm.D,_xlpm.dp),_xlpm.hi,ROUND(_xlpm.ref+_xlpm.D,_xlpm.dp),IF(_xlpm.xr>=_xlpm.ref,(_xlpm.xr-_xlpm.ref)/(_xlpm.hi-_xlpm.ref),(_xlpm.xr-_xlpm.ref)/(_xlpm.ref-_xlpm.lo))) -> -2.9166667 | H26: =_xlfn.LET(_xlpm.x,'Input Group 1'!Z22,_xlpm.ref,'Input Group 1'!F22,_xlpm.D,'Input Group 1'!O22,_xlpm.dp,IF('Input Group 1'!$E22="",3,'Input Group 1'!$E22),_xlpm.xr,ROUND(_xlpm.x,_xlpm.dp),_xlpm.lo,ROUND(_xlpm.ref-_xlpm.D,_xlpm.dp),_xlpm.hi,ROUND(_xlpm.ref+_xlpm.D,_xlpm.dp),IF(_xlpm.xr>=_xlpm.ref,(_xlpm.xr-_xlpm.ref)/(_xlpm.hi-_xlpm.ref),(_xlpm.xr-_xlpm.ref)/(_xlpm.ref-_xlpm.lo))) -> 0 | I26: =_xlfn.LET(_xlpm.x,'Input Group 1'!AD22,_xlpm.ref,'Input Group 1'!F22,_xlpm.D,'Input Group 1'!O22,_xlpm.dp,IF('Input Group 1'!$E22="",3,'Input Group 1'!$E22),_xlpm.xr,ROUND(_xlpm.x,_xlpm.dp),_xlpm.lo,ROUND(_xlpm.ref-_xlpm.D,_xlpm.dp),_xlpm.hi,ROUND(_xlpm.ref+_xlpm.D,_xlpm.dp),IF(_xlpm.xr>=_xlpm.ref,(_xlpm.xr-_xlpm.ref)/(_xlpm.hi-_xlpm.ref),(_xlpm.xr-_xlpm.ref)/(_xlpm.ref-_xlpm.lo))) -> 0.41666667 | J26: =_xlfn.LET(_xlpm.x,'Input Group 1'!AH22,_xlpm.ref,'Input Group 1'!F22,_xlpm.D,'Input Group 1'!O22,_xlpm.dp,IF('Input Group 1'!$E22="",3,'Input Group 1'!$E22),_xlpm.xr,ROUND(_xlpm.x,_xlpm.dp),_xlpm.lo,ROUND(_xlpm.ref-_xlpm.D,_xlpm.dp),_xlpm.hi,ROUND(_xlpm.ref+_xlpm.D,_xlpm.dp),IF(_xlpm.xr>=_xlpm.ref,(_xlpm.xr-_xlpm.ref)/(_xlpm.hi-_xlpm.ref),(_xlpm.xr-_xlpm.ref)/(_xlpm.ref-_xlpm.lo))) -> 0.41666667 | K26: =_xlfn.LET(_xlpm.x,'Input Group 1'!AL22,_xlpm.ref,'Input Group 1'!F22,_xlpm.D,'Input Group 1'!O22,_xlpm.dp,IF('Input Group 1'!$E22="",3,'Input Group 1'!$E22),_xlpm.xr,ROUND(_xlpm.x,_xlpm.dp),_xlpm.lo,ROUND(_xlpm.ref-_xlpm.D,_xlpm.dp),_xlpm.hi,ROUND(_xlpm.ref+_xlpm.D,_xlpm.dp),IF(_xlpm.xr>=_xlpm.ref,(_xlpm.xr-_xlpm.ref)/(_xlpm.hi-_xlpm.ref),(_xlpm.xr-_xlpm.ref)/(_xlpm.ref-_xlpm.lo))) -> -0.66666667
C27: =TRIM('Input Group 1'!B22) -> LYM | D27: ='Input Group 1'!C22 -> 10^3/μL | E27: ='Input Group 1'!D22 -> 992 | F27: URL | G27: =_xlfn.LET(_xlpm.x,'Input Group 1'!W22,_xlpm.ref,'Input Group 1'!G22,_xlpm.D,'Input Group 1'!S22,_xlpm.dp,IF('Input Group 1'!$E22="",3,'Input Group 1'!$E22),_xlpm.xr,ROUND(_xlpm.x,_xlpm.dp),_xlpm.lo,ROUND(_xlpm.ref-_xlpm.D,_xlpm.dp),_xlpm.hi,ROUND(_xlpm.ref+_xlpm.D,_xlpm.dp),IF(_xlpm.xr>=_xlpm.ref,(_xlpm.xr-_xlpm.ref)/(_xlpm.hi-_xlpm.ref),(_xlpm.xr-_xlpm.ref)/(_xlpm.ref-_xlpm.lo))) -> -0.44 | H27: =_xlfn.LET(_xlpm.x,'Input Group 1'!AA22,_xlpm.ref,'Input Group 1'!G22,_xlpm.D,'Input Group 1'!S22,_xlpm.dp,IF('Input Group 1'!$E22="",3,'Input Group 1'!$E22),_xlpm.xr,ROUND(_xlpm.x,_xlpm.dp),_xlpm.lo,ROUND(_xlpm.ref-_xlpm.D,_xlpm.dp),_xlpm.hi,ROUND(_xlpm.ref+_xlpm.D,_xlpm.dp),IF(_xlpm.xr>=_xlpm.ref,(_xlpm.xr-_xlpm.ref)/(_xlpm.hi-_xlpm.ref),(_xlpm.xr-_xlpm.ref)/(_xlpm.ref-_xlpm.lo))) -> 0.8 | I27: =_xlfn.LET(_xlpm.x,'Input Group 1'!AE22,_xlpm.ref,'Input Group 1'!G22,_xlpm.D,'Input Group 1'!S22,_xlpm.dp,IF('Input Group 1'!$E22="",3,'Input Group 1'!$E22),_xlpm.xr,ROUND(_xlpm.x,_xlpm.dp),_xlpm.lo,ROUND(_xlpm.ref-_xlpm.D,_xlpm.dp),_xlpm.hi,ROUND(_xlpm.ref+_xlpm.D,_xlpm.dp),IF(_xlpm.xr>=_xlpm.ref,(_xlpm.xr-_xlpm.ref)/(_xlpm.hi-_xlpm.ref),(_xlpm.xr-_xlpm.ref)/(_xlpm.ref-_xlpm.lo))) -> 0.12 | J27: =_xlfn.LET(_xlpm.x,'Input Group 1'!AI22,_xlpm.ref,'Input Group 1'!G22,_xlpm.D,'Input Group 1'!S22,_xlpm.dp,IF('Input Group 1'!$E22="",3,'Input Group 1'!$E22),_xlpm.xr,ROUND(_xlpm.x,_xlpm.dp),_xlpm.lo,ROUND(_xlpm.ref-_xlpm.D,_xlpm.dp),_xlpm.hi,ROUND(_xlpm.ref+_xlpm.D,_xlpm.dp),IF(_xlpm.xr>=_xlpm.ref,(_xlpm.xr-_xlpm.ref)/(_xlpm.hi-_xlpm.ref),(_xlpm.xr-_xlpm.ref)/(_xlpm.ref-_xlpm.lo))) -> 0.92 | K27: =_xlfn.LET(_xlpm.x,'Input Group 1'!AM22,_xlpm.ref,'Input Group 1'!G22,_xlpm.D,'Input Group 1'!S22,_xlpm.dp,IF('Input Group 1'!$E22="",3,'Input Group 1'!$E22),_xlpm.xr,ROUND(_xlpm.x,_xlpm.dp),_xlpm.lo,ROUND(_xlpm.ref-_xlpm.D,_xlpm.dp),_xlpm.hi,ROUND(_xlpm.ref+_xlpm.D,_xlpm.dp),IF(_xlpm.xr>=_xlpm.ref,(_xlpm.xr-_xlpm.ref)/(_xlpm.hi-_xlpm.ref),(_xlpm.xr-_xlpm.ref)/(_xlpm.ref-_xlpm.lo))) -> -0.76
C28: =TRIM('Input Group 1'!B23) -> PLT | D28: ='Input Group 1'!C23 -> 10^3/μL | E28: ='Input Group 1'!D23 -> 992 | F28: LRL | G28: =_xlfn.LET(_xlpm.x,'Input Group 1'!V23,_xlpm.ref,'Input Group 1'!F23,_xlpm.D,'Input Group 1'!O23,_xlpm.dp,IF('Input Group 1'!$E23="",3,'Input Group 1'!$E23),_xlpm.xr,ROUND(_xlpm.x,_xlpm.dp),_xlpm.lo,ROUND(_xlpm.ref-_xlpm.D,_xlpm.dp),_xlpm.hi,ROUND(_xlpm.ref+_xlpm.D,_xlpm.dp),IF(_xlpm.xr>=_xlpm.ref,(_xlpm.xr-_xlpm.ref)/(_xlpm.hi-_xlpm.ref),(_xlpm.xr-_xlpm.ref)/(_xlpm.ref-_xlpm.lo))) -> -1.8947368 | H28: =_xlfn.LET(_xlpm.x,'Input Group 1'!Z23,_xlpm.ref,'Input Group 1'!F23,_xlpm.D,'Input Group 1'!O23,_xlpm.dp,IF('Input Group 1'!$E23="",3,'Input Group 1'!$E23),_xlpm.xr,ROUND(_xlpm.x,_xlpm.dp),_xlpm.lo,ROUND(_xlpm.ref-_xlpm.D,_xlpm.dp),_xlpm.hi,ROUND(_xlpm.ref+_xlpm.D,_xlpm.dp),IF(_xlpm.xr>=_xlpm.ref,(_xlpm.xr-_xlpm.ref)/(_xlpm.hi-_xlpm.ref),(_xlpm.xr-_xlpm.ref)/(_xlpm.ref-_xlpm.lo))) -> -0.090225564 | I28: =_xlfn.LET(_xlpm.x,'Input Group 1'!AD23,_xlpm.ref,'Input Group 1'!F23,_xlpm.D,'Input Group 1'!O23,_xlpm.dp,IF('Input Group 1'!$E23="",3,'Input Group 1'!$E23),_xlpm.xr,ROUND(_xlpm.x,_xlpm.dp),_xlpm.lo,ROUND(_xlpm.ref-_xlpm.D,_xlpm.dp),_xlpm.hi,ROUND(_xlpm.ref+_xlpm.D,_xlpm.dp),IF(_xlpm.xr>=_xlpm.ref,(_xlpm.xr-_xlpm.ref)/(_xlpm.hi-_xlpm.ref),(_xlpm.xr-_xlpm.ref)/(_xlpm.ref-_xlpm.lo))) -> 0.58646617 | J28: =_xlfn.LET(_xlpm.x,'Input Group 1'!AH23,_xlpm.ref,'Input Group 1'!F23,_xlpm.D,'Input Group 1'!O23,_xlpm.dp,IF('Input Group 1'!$E23="",3,'Input Group 1'!$E23),_xlpm.xr,ROUND(_xlpm.x,_xlpm.dp),_xlpm.lo,ROUND(_xlpm.ref-_xlpm.D,_xlpm.dp),_xlpm.hi,ROUND(_xlpm.ref+_xlpm.D,_xlpm.dp),IF(_xlpm.xr>=_xlpm.ref,(_xlpm.xr-_xlpm.ref)/(_xlpm.hi-_xlpm.ref),(_xlpm.xr-_xlpm.ref)/(_xlpm.ref-_xlpm.lo))) -> -1.1428571 | K28: =_xlfn.LET(_xlpm.x,'Input Group 1'!AL23,_xlpm.ref,'Input Group 1'!F23,_xlpm.D,'Input Group 1'!O23,_xlpm.dp,IF('Input Group 1'!$E23="",3,'Input Group 1'!$E23),_xlpm.xr,ROUND(_xlpm.x,_xlpm.dp),_xlpm.lo,ROUND(_xlpm.ref-_xlpm.D,_xlpm.dp),_xlpm.hi,ROUND(_xlpm.ref+_xlpm.D,_xlpm.dp),IF(_xlpm.xr>=_xlpm.ref,(_xlpm.xr-_xlpm.ref)/(_xlpm.hi-_xlpm.ref),(_xlpm.xr-_xlpm.ref)/(_xlpm.ref-_xlpm.lo))) -> -0.61654135
C29: =TRIM('Input Group 1'!B23) -> PLT | D29: ='Input Group 1'!C23 -> 10^3/μL | E29: ='Input Group 1'!D23 -> 992 | F29: URL | G29: =_xlfn.LET(_xlpm.x,'Input Group 1'!W23,_xlpm.ref,'Input Group 1'!G23,_xlpm.D,'Input Group 1'!S23,_xlpm.dp,IF('Input Group 1'!$E23="",3,'Input Group 1'!$E23),_xlpm.xr,ROUND(_xlpm.x,_xlpm.dp),_xlpm.lo,ROUND(_xlpm.ref-_xlpm.D,_xlpm.dp),_xlpm.hi,ROUND(_xlpm.ref+_xlpm.D,_xlpm.dp),IF(_xlpm.xr>=_xlpm.ref,(_xlpm.xr-_xlpm.ref)/(_xlpm.hi-_xlpm.ref),(_xlpm.xr-_xlpm.ref)/(_xlpm.ref-_xlpm.lo))) -> -0.033783784 | H29: =_xlfn.LET(_xlpm.x,'Input Group 1'!AA23,_xlpm.ref,'Input Group 1'!G23,_xlpm.D,'Input Group 1'!S23,_xlpm.dp,IF('Input Group 1'!$E23="",3,'Input Group 1'!$E23),_xlpm.xr,ROUND(_xlpm.x,_xlpm.dp),_xlpm.lo,ROUND(_xlpm.ref-_xlpm.D,_xlpm.dp),_xlpm.hi,ROUND(_xlpm.ref+_xlpm.D,_xlpm.dp),IF(_xlpm.xr>=_xlpm.ref,(_xlpm.xr-_xlpm.ref)/(_xlpm.hi-_xlpm.ref),(_xlpm.xr-_xlpm.ref)/(_xlpm.ref-_xlpm.lo))) -> 0.033783784 | I29: =_xlfn.LET(_xlpm.x,'Input Group 1'!AE23,_xlpm.ref,'Input Group 1'!G23,_xlpm.D,'Input Group 1'!S23,_xlpm.dp,IF('Input Group 1'!$E23="",3,'Input Group 1'!$E23),_xlpm.xr,ROUND(_xlpm.x,_xlpm.dp),_xlpm.lo,ROUND(_xlpm.ref-_xlpm.D,_xlpm.dp),_xlpm.hi,ROUND(_xlpm.ref+_xlpm.D,_xlpm.dp),IF(_xlpm.xr>=_xlpm.ref,(_xlpm.xr-_xlpm.ref)/(_xlpm.hi-_xlpm.ref),(_xlpm.xr-_xlpm.ref)/(_xlpm.ref-_xlpm.lo))) -> -0.74324324 | J29: =_xlfn.LET(_xlpm.x,'Input Group 1'!AI23,_xlpm.ref,'Input Group 1'!G23,_xlpm.D,'Input Group 1'!S23,_xlpm.dp,IF('Input Group 1'!$E23="",3,'Input Group 1'!$E23),_xlpm.xr,ROUND(_xlpm.x,_xlpm.dp),_xlpm.lo,ROUND(_xlpm.ref-_xlpm.D,_xlpm.dp),_xlpm.hi,ROUND(_xlpm.ref+_xlpm.D,_xlpm.dp),IF(_xlpm.xr>=_xlpm.ref,(_xlpm.xr-_xlpm.ref)/(_xlpm.hi-_xlpm.ref),(_xlpm.xr-_xlpm.ref)/(_xlpm.ref-_xlpm.lo))) -> -0.10135135 | K29: =_xlfn.LET(_xlpm.x,'Input Group 1'!AM23,_xlpm.ref,'Input Group 1'!G23,_xlpm.D,'Input Group 1'!S23,_xlpm.dp,IF('Input Group 1'!$E23="",3,'Input Group 1'!$E23),_xlpm.xr,ROUND(_xlpm.x,_xlpm.dp),_xlpm.lo,ROUND(_xlpm.ref-_xlpm.D,_xlpm.dp),_xlpm.hi,ROUND(_xlpm.ref+_xlpm.D,_xlpm.dp),IF(_xlpm.xr>=_xlpm.ref,(_xlpm.xr-_xlpm.ref)/(_xlpm.hi-_xlpm.ref),(_xlpm.xr-_xlpm.ref)/(_xlpm.ref-_xlpm.lo))) -> -0.33783784
B30: Group 2 | C30: =TRIM('Input Group 2'!B12) -> Testcase1 | D30: ='Input Group 2'!C12 -> n/a | E30: ='Input Group 2'!D12 -> 500 | F30: LRL | G30: =_xlfn.LET(_xlpm.x,'Input Group 2'!V12,_xlpm.ref,'Input Group 2'!F12,_xlpm.D,'Input Group 2'!O12,_xlpm.dp,IF('Input Group 2'!$E12="",3,'Input Group 2'!$E12),_xlpm.xr,ROUND(_xlpm.x,_xlpm.dp),_xlpm.lo,ROUND(_xlpm.ref-_xlpm.D,_xlpm.dp),_xlpm.hi,ROUND(_xlpm.ref+_xlpm.D,_xlpm.dp),IF(_xlpm.xr>=_xlpm.ref,(_xlpm.xr-_xlpm.ref)/(_xlpm.hi-_xlpm.ref),(_xlpm.xr-_xlpm.ref)/(_xlpm.ref-_xlpm.lo))) -> 1.9 | H30: =_xlfn.LET(_xlpm.x,'Input Group 2'!Z12,_xlpm.ref,'Input Group 2'!F12,_xlpm.D,'Input Group 2'!O12,_xlpm.dp,IF('Input Group 2'!$E12="",3,'Input Group 2'!$E12),_xlpm.xr,ROUND(_xlpm.x,_xlpm.dp),_xlpm.lo,ROUND(_xlpm.ref-_xlpm.D,_xlpm.dp),_xlpm.hi,ROUND(_xlpm.ref+_xlpm.D,_xlpm.dp),IF(_xlpm.xr>=_xlpm.ref,(_xlpm.xr-_xlpm.ref)/(_xlpm.hi-_xlpm.ref),(_xlpm.xr-_xlpm.ref)/(_xlpm.ref-_xlpm.lo))) -> 0.8 | I30: =_xlfn.LET(_xlpm.x,'Input Group 2'!AD12,_xlpm.ref,'Input Group 2'!F12,_xlpm.D,'Input Group 2'!O12,_xlpm.dp,IF('Input Group 2'!$E12="",3,'Input Group 2'!$E12),_xlpm.xr,ROUND(_xlpm.x,_xlpm.dp),_xlpm.lo,ROUND(_xlpm.ref-_xlpm.D,_xlpm.dp),_xlpm.hi,ROUND(_xlpm.ref+_xlpm.D,_xlpm.dp),IF(_xlpm.xr>=_xlpm.ref,(_xlpm.xr-_xlpm.ref)/(_xlpm.hi-_xlpm.ref),(_xlpm.xr-_xlpm.ref)/(_xlpm.ref-_xlpm.lo))) -> 0.2 | J30: =_xlfn.LET(_xlpm.x,'Input Group 2'!AH12,_xlpm.ref,'Input Group 2'!F12,_xlpm.D,'Input Group 2'!O12,_xlpm.dp,IF('Input Group 2'!$E12="",3,'Input Group 2'!$E12),_xlpm.xr,ROUND(_xlpm.x,_xlpm.dp),_xlpm.lo,ROUND(_xlpm.ref-_xlpm.D,_xlpm.dp),_xlpm.hi,ROUND(_xlpm.ref+_xlpm.D,_xlpm.dp),IF(_xlpm.xr>=_xlpm.ref,(_xlpm.xr-_xlpm.ref)/(_xlpm.hi-_xlpm.ref),(_xlpm.xr-_xlpm.ref)/(_xlpm.ref-_xlpm.lo))) -> 1 | K30: =_xlfn.LET(_xlpm.x,'Input Group 2'!AL12,_xlpm.ref,'Input Group 2'!F12,_xlpm.D,'Input Group 2'!O12,_xlpm.dp,IF('Input Group 2'!$E12="",3,'Input Group 2'!$E12),_xlpm.xr,ROUND(_xlpm.x,_xlpm.dp),_xlpm.lo,ROUND(_xlpm.ref-_xlpm.D,_xlpm.dp),_xlpm.hi,ROUND(_xlpm.ref+_xlpm.D,_xlpm.dp),IF(_xlpm.xr>=_xlpm.ref,(_xlpm.xr-_xlpm.ref)/(_xlpm.hi-_xlpm.ref),(_xlpm.xr-_xlpm.ref)/(_xlpm.ref-_xlpm.lo))) -> 0.6
C31: =TRIM('Input Group 2'!B12) -> Testcase1 | D31: ='Input Group 2'!C12 -> n/a | E31: ='Input Group 2'!D12 -> 500 | F31: URL | G31: =_xlfn.LET(_xlpm.x,'Input Group 2'!W12,_xlpm.ref,'Input Group 2'!G12,_xlpm.D,'Input Group 2'!S12,_xlpm.dp,IF('Input Group 2'!$E12="",3,'Input Group 2'!$E12),_xlpm.xr,ROUND(_xlpm.x,_xlpm.dp),_xlpm.lo,ROUND(_xlpm.ref-_xlpm.D,_xlpm.dp),_xlpm.hi,ROUND(_xlpm.ref+_xlpm.D,_xlpm.dp),IF(_xlpm.xr>=_xlpm.ref,(_xlpm.xr-_xlpm.ref)/(_xlpm.hi-_xlpm.ref),(_xlpm.xr-_xlpm.ref)/(_xlpm.ref-_xlpm.lo))) -> 1.2083333 | H31: =_xlfn.LET(_xlpm.x,'Input Group 2'!AA12,_xlpm.ref,'Input Group 2'!G12,_xlpm.D,'Input Group 2'!S12,_xlpm.dp,IF('Input Group 2'!$E12="",3,'Input Group 2'!$E12),_xlpm.xr,ROUND(_xlpm.x,_xlpm.dp),_xlpm.lo,ROUND(_xlpm.ref-_xlpm.D,_xlpm.dp),_xlpm.hi,ROUND(_xlpm.ref+_xlpm.D,_xlpm.dp),IF(_xlpm.xr>=_xlpm.ref,(_xlpm.xr-_xlpm.ref)/(_xlpm.hi-_xlpm.ref),(_xlpm.xr-_xlpm.ref)/(_xlpm.ref-_xlpm.lo))) -> 0.58333333 | I31: =_xlfn.LET(_xlpm.x,'Input Group 2'!AE12,_xlpm.ref,'Input Group 2'!G12,_xlpm.D,'Input Group 2'!S12,_xlpm.dp,IF('Input Group 2'!$E12="",3,'Input Group 2'!$E12),_xlpm.xr,ROUND(_xlpm.x,_xlpm.dp),_xlpm.lo,ROUND(_xlpm.ref-_xlpm.D,_xlpm.dp),_xlpm.hi,ROUND(_xlpm.ref+_xlpm.D,_xlpm.dp),IF(_xlpm.xr>=_xlpm.ref,(_xlpm.xr-_xlpm.ref)/(_xlpm.hi-_xlpm.ref),(_xlpm.xr-_xlpm.ref)/(_xlpm.ref-_xlpm.lo))) -> 0.20833333 | J31: =_xlfn.LET(_xlpm.x,'Input Group 2'!AI12,_xlpm.ref,'Input Group 2'!G12,_xlpm.D,'Input Group 2'!S12,_xlpm.dp,IF('Input Group 2'!$E12="",3,'Input Group 2'!$E12),_xlpm.xr,ROUND(_xlpm.x,_xlpm.dp),_xlpm.lo,ROUND(_xlpm.ref-_xlpm.D,_xlpm.dp),_xlpm.hi,ROUND(_xlpm.ref+_xlpm.D,_xlpm.dp),IF(_xlpm.xr>=_xlpm.ref,(_xlpm.xr-_xlpm.ref)/(_xlpm.hi-_xlpm.ref),(_xlpm.xr-_xlpm.ref)/(_xlpm.ref-_xlpm.lo))) -> 0.041666667 | K31: =_xlfn.LET(_xlpm.x,'Input Group 2'!AM12,_xlpm.ref,'Input Group 2'!G12,_xlpm.D,'Input Group 2'!S12,_xlpm.dp,IF('Input Group 2'!$E12="",3,'Input Group 2'!$E12),_xlpm.xr,ROUND(_xlpm.x,_xlpm.dp),_xlpm.lo,ROUND(_xlpm.ref-_xlpm.D,_xlpm.dp),_xlpm.hi,ROUND(_xlpm.ref+_xlpm.D,_xlpm.dp),IF(_xlpm.xr>=_xlpm.ref,(_xlpm.xr-_xlpm.ref)/(_xlpm.hi-_xlpm.ref),(_xlpm.xr-_xlpm.ref)/(_xlpm.ref-_xlpm.lo))) -> 0.083333333
C32: =TRIM('Input Group 2'!B13) -> Testcase1 | D32: ='Input Group 2'!C13 -> n/a | E32: ='Input Group 2'!D13 -> 1000 | F32: LRL | G32: =_xlfn.LET(_xlpm.x,'Input Group 2'!V13,_xlpm.ref,'Input Group 2'!F13,_xlpm.D,'Input Group 2'!O13,_xlpm.dp,IF('Input Group 2'!$E13="",3,'Input Group 2'!$E13),_xlpm.xr,ROUND(_xlpm.x,_xlpm.dp),_xlpm.lo,ROUND(_xlpm.ref-_xlpm.D,_xlpm.dp),_xlpm.hi,ROUND(_xlpm.ref+_xlpm.D,_xlpm.dp),IF(_xlpm.xr>=_xlpm.ref,(_xlpm.xr-_xlpm.ref)/(_xlpm.hi-_xlpm.ref),(_xlpm.xr-_xlpm.ref)/(_xlpm.ref-_xlpm.lo))) -> 1.1 | H32: =_xlfn.LET(_xlpm.x,'Input Group 2'!Z13,_xlpm.ref,'Input Group 2'!F13,_xlpm.D,'Input Group 2'!O13,_xlpm.dp,IF('Input Group 2'!$E13="",3,'Input Group 2'!$E13),_xlpm.xr,ROUND(_xlpm.x,_xlpm.dp),_xlpm.lo,ROUND(_xlpm.ref-_xlpm.D,_xlpm.dp),_xlpm.hi,ROUND(_xlpm.ref+_xlpm.D,_xlpm.dp),IF(_xlpm.xr>=_xlpm.ref,(_xlpm.xr-_xlpm.ref)/(_xlpm.hi-_xlpm.ref),(_xlpm.xr-_xlpm.ref)/(_xlpm.ref-_xlpm.lo))) -> 1.3 | I32: =_xlfn.LET(_xlpm.x,'Input Group 2'!AD13,_xlpm.ref,'Input Group 2'!F13,_xlpm.D,'Input Group 2'!O13,_xlpm.dp,IF('Input Group 2'!$E13="",3,'Input Group 2'!$E13),_xlpm.xr,ROUND(_xlpm.x,_xlpm.dp),_xlpm.lo,ROUND(_xlpm.ref-_xlpm.D,_xlpm.dp),_xlpm.hi,ROUND(_xlpm.ref+_xlpm.D,_xlpm.dp),IF(_xlpm.xr>=_xlpm.ref,(_xlpm.xr-_xlpm.ref)/(_xlpm.hi-_xlpm.ref),(_xlpm.xr-_xlpm.ref)/(_xlpm.ref-_xlpm.lo))) -> 0.3 | J32: =_xlfn.LET(_xlpm.x,'Input Group 2'!AH13,_xlpm.ref,'Input Group 2'!F13,_xlpm.D,'Input Group 2'!O13,_xlpm.dp,IF('Input Group 2'!$E13="",3,'Input Group 2'!$E13),_xlpm.xr,ROUND(_xlpm.x,_xlpm.dp),_xlpm.lo,ROUND(_xlpm.ref-_xlpm.D,_xlpm.dp),_xlpm.hi,ROUND(_xlpm.ref+_xlpm.D,_xlpm.dp),IF(_xlpm.xr>=_xlpm.ref,(_xlpm.xr-_xlpm.ref)/(_xlpm.hi-_xlpm.ref),(_xlpm.xr-_xlpm.ref)/(_xlpm.ref-_xlpm.lo))) -> 1.9 | K32: =_xlfn.LET(_xlpm.x,'Input Group 2'!AL13,_xlpm.ref,'Input Group 2'!F13,_xlpm.D,'Input Group 2'!O13,_xlpm.dp,IF('Input Group 2'!$E13="",3,'Input Group 2'!$E13),_xlpm.xr,ROUND(_xlpm.x,_xlpm.dp),_xlpm.lo,ROUND(_xlpm.ref-_xlpm.D,_xlpm.dp),_xlpm.hi,ROUND(_xlpm.ref+_xlpm.D,_xlpm.dp),IF(_xlpm.xr>=_xlpm.ref,(_xlpm.xr-_xlpm.ref)/(_xlpm.hi-_xlpm.ref),(_xlpm.xr-_xlpm.ref)/(_xlpm.ref-_xlpm.lo))) -> 0.6
C33: =TRIM('Input Group 2'!B13) -> Testcase1 | D33: ='Input Group 2'!C13 -> n/a | E33: ='Input Group 2'!D13 -> 1000 | F33: URL | G33: =_xlfn.LET(_xlpm.x,'Input Group 2'!W13,_xlpm.ref,'Input Group 2'!G13,_xlpm.D,'Input Group 2'!S13,_xlpm.dp,IF('Input Group 2'!$E13="",3,'Input Group 2'!$E13),_xlpm.xr,ROUND(_xlpm.x,_xlpm.dp),_xlpm.lo,ROUND(_xlpm.ref-_xlpm.D,_xlpm.dp),_xlpm.hi,ROUND(_xlpm.ref+_xlpm.D,_xlpm.dp),IF(_xlpm.xr>=_xlpm.ref,(_xlpm.xr-_xlpm.ref)/(_xlpm.hi-_xlpm.ref),(_xlpm.xr-_xlpm.ref)/(_xlpm.ref-_xlpm.lo))) -> 0.33333333 | H33: =_xlfn.LET(_xlpm.x,'Input Group 2'!AA13,_xlpm.ref,'Input Group 2'!G13,_xlpm.D,'Input Group 2'!S13,_xlpm.dp,IF('Input Group 2'!$E13="",3,'Input Group 2'!$E13),_xlpm.xr,ROUND(_xlpm.x,_xlpm.dp),_xlpm.lo,ROUND(_xlpm.ref-_xlpm.D,_xlpm.dp),_xlpm.hi,ROUND(_xlpm.ref+_xlpm.D,_xlpm.dp),IF(_xlpm.xr>=_xlpm.ref,(_xlpm.xr-_xlpm.ref)/(_xlpm.hi-_xlpm.ref),(_xlpm.xr-_xlpm.ref)/(_xlpm.ref-_xlpm.lo))) -> 0.45833333 | I33: =_xlfn.LET(_xlpm.x,'Input Group 2'!AE13,_xlpm.ref,'Input Group 2'!G13,_xlpm.D,'Input Group 2'!S13,_xlpm.dp,IF('Input Group 2'!$E13="",3,'Input Group 2'!$E13),_xlpm.xr,ROUND(_xlpm.x,_xlpm.dp),_xlpm.lo,ROUND(_xlpm.ref-_xlpm.D,_xlpm.dp),_xlpm.hi,ROUND(_xlpm.ref+_xlpm.D,_xlpm.dp),IF(_xlpm.xr>=_xlpm.ref,(_xlpm.xr-_xlpm.ref)/(_xlpm.hi-_xlpm.ref),(_xlpm.xr-_xlpm.ref)/(_xlpm.ref-_xlpm.lo))) -> -0.041666667 | J33: =_xlfn.LET(_xlpm.x,'Input Group 2'!AI13,_xlpm.ref,'Input Group 2'!G13,_xlpm.D,'Input Group 2'!S13,_xlpm.dp,IF('Input Group 2'!$E13="",3,'Input Group 2'!$E13),_xlpm.xr,ROUND(_xlpm.x,_xlpm.dp),_xlpm.lo,ROUND(_xlpm.ref-_xlpm.D,_xlpm.dp),_xlpm.hi,ROUND(_xlpm.ref+_xlpm.D,_xlpm.dp),IF(_xlpm.xr>=_xlpm.ref,(_xlpm.xr-_xlpm.ref)/(_xlpm.hi-_xlpm.ref),(_xlpm.xr-_xlpm.ref)/(_xlpm.ref-_xlpm.lo))) -> 2.9166667 | K33: =_xlfn.LET(_xlpm.x,'Input Group 2'!AM13,_xlpm.ref,'Input Group 2'!G13,_xlpm.D,'Input Group 2'!S13,_xlpm.dp,IF('Input Group 2'!$E13="",3,'Input Group 2'!$E13),_xlpm.xr,ROUND(_xlpm.x,_xlpm.dp),_xlpm.lo,ROUND(_xlpm.ref-_xlpm.D,_xlpm.dp),_xlpm.hi,ROUND(_xlpm.ref+_xlpm.D,_xlpm.dp),IF(_xlpm.xr>=_xlpm.ref,(_xlpm.xr-_xlpm.ref)/(_xlpm.hi-_xlpm.ref),(_xlpm.xr-_xlpm.ref)/(_xlpm.ref-_xlpm.lo))) -> -0.25
C34: =TRIM('Input Group 2'!B14) -> Testcase1 | D34: ='Input Group 2'!C14 -> n/a | E34: ='Input Group 2'!D14 -> 2000 | F34: LRL | G34: =_xlfn.LET(_xlpm.x,'Input Group 2'!V14,_xlpm.ref,'Input Group 2'!F14,_xlpm.D,'Input Group 2'!O14,_xlpm.dp,IF('Input Group 2'!$E14="",3,'Input Group 2'!$E14),_xlpm.xr,ROUND(_xlpm.x,_xlpm.dp),_xlpm.lo,ROUND(_xlpm.ref-_xlpm.D,_xlpm.dp),_xlpm.hi,ROUND(_xlpm.ref+_xlpm.D,_xlpm.dp),IF(_xlpm.xr>=_xlpm.ref,(_xlpm.xr-_xlpm.ref)/(_xlpm.hi-_xlpm.ref),(_xlpm.xr-_xlpm.ref)/(_xlpm.ref-_xlpm.lo))) -> 0.1 | H34: =_xlfn.LET(_xlpm.x,'Input Group 2'!Z14,_xlpm.ref,'Input Group 2'!F14,_xlpm.D,'Input Group 2'!O14,_xlpm.dp,IF('Input Group 2'!$E14="",3,'Input Group 2'!$E14),_xlpm.xr,ROUND(_xlpm.x,_xlpm.dp),_xlpm.lo,ROUND(_xlpm.ref-_xlpm.D,_xlpm.dp),_xlpm.hi,ROUND(_xlpm.ref+_xlpm.D,_xlpm.dp),IF(_xlpm.xr>=_xlpm.ref,(_xlpm.xr-_xlpm.ref)/(_xlpm.hi-_xlpm.ref),(_xlpm.xr-_xlpm.ref)/(_xlpm.ref-_xlpm.lo))) -> 0.9 | I34: =_xlfn.LET(_xlpm.x,'Input Group 2'!AD14,_xlpm.ref,'Input Group 2'!F14,_xlpm.D,'Input Group 2'!O14,_xlpm.dp,IF('Input Group 2'!$E14="",3,'Input Group 2'!$E14),_xlpm.xr,ROUND(_xlpm.x,_xlpm.dp),_xlpm.lo,ROUND(_xlpm.ref-_xlpm.D,_xlpm.dp),_xlpm.hi,ROUND(_xlpm.ref+_xlpm.D,_xlpm.dp),IF(_xlpm.xr>=_xlpm.ref,(_xlpm.xr-_xlpm.ref)/(_xlpm.hi-_xlpm.ref),(_xlpm.xr-_xlpm.ref)/(_xlpm.ref-_xlpm.lo))) -> 0.4 | J34: =_xlfn.LET(_xlpm.x,'Input Group 2'!AH14,_xlpm.ref,'Input Group 2'!F14,_xlpm.D,'Input Group 2'!O14,_xlpm.dp,IF('Input Group 2'!$E14="",3,'Input Group 2'!$E14),_xlpm.xr,ROUND(_xlpm.x,_xlpm.dp),_xlpm.lo,ROUND(_xlpm.ref-_xlpm.D,_xlpm.dp),_xlpm.hi,ROUND(_xlpm.ref+_xlpm.D,_xlpm.dp),IF(_xlpm.xr>=_xlpm.ref,(_xlpm.xr-_xlpm.ref)/(_xlpm.hi-_xlpm.ref),(_xlpm.xr-_xlpm.ref)/(_xlpm.ref-_xlpm.lo))) -> 2.3 | K34: =_xlfn.LET(_xlpm.x,'Input Group 2'!AL14,_xlpm.ref,'Input Group 2'!F14,_xlpm.D,'Input Group 2'!O14,_xlpm.dp,IF('Input Group 2'!$E14="",3,'Input Group 2'!$E14),_xlpm.xr,ROUND(_xlpm.x,_xlpm.dp),_xlpm.lo,ROUND(_xlpm.ref-_xlpm.D,_xlpm.dp),_xlpm.hi,ROUND(_xlpm.ref+_xlpm.D,_xlpm.dp),IF(_xlpm.xr>=_xlpm.ref,(_xlpm.xr-_xlpm.ref)/(_xlpm.hi-_xlpm.ref),(_xlpm.xr-_xlpm.ref)/(_xlpm.ref-_xlpm.lo))) -> 0.6
C35: =TRIM('Input Group 2'!B14) -> Testcase1 | D35: ='Input Group 2'!C14 -> n/a | E35: ='Input Group 2'!D14 -> 2000 | F35: URL | G35: =_xlfn.LET(_xlpm.x,'Input Group 2'!W14,_xlpm.ref,'Input Group 2'!G14,_xlpm.D,'Input Group 2'!S14,_xlpm.dp,IF('Input Group 2'!$E14="",3,'Input Group 2'!$E14),_xlpm.xr,ROUND(_xlpm.x,_xlpm.dp),_xlpm.lo,ROUND(_xlpm.ref-_xlpm.D,_xlpm.dp),_xlpm.hi,ROUND(_xlpm.ref+_xlpm.D,_xlpm.dp),IF(_xlpm.xr>=_xlpm.ref,(_xlpm.xr-_xlpm.ref)/(_xlpm.hi-_xlpm.ref),(_xlpm.xr-_xlpm.ref)/(_xlpm.ref-_xlpm.lo))) -> 0 | H35: =_xlfn.LET(_xlpm.x,'Input Group 2'!AA14,_xlpm.ref,'Input Group 2'!G14,_xlpm.D,'Input Group 2'!S14,_xlpm.dp,IF('Input Group 2'!$E14="",3,'Input Group 2'!$E14),_xlpm.xr,ROUND(_xlpm.x,_xlpm.dp),_xlpm.lo,ROUND(_xlpm.ref-_xlpm.D,_xlpm.dp),_xlpm.hi,ROUND(_xlpm.ref+_xlpm.D,_xlpm.dp),IF(_xlpm.xr>=_xlpm.ref,(_xlpm.xr-_xlpm.ref)/(_xlpm.hi-_xlpm.ref),(_xlpm.xr-_xlpm.ref)/(_xlpm.ref-_xlpm.lo))) -> 0.16666667 | I35: =_xlfn.LET(_xlpm.x,'Input Group 2'!AE14,_xlpm.ref,'Input Group 2'!G14,_xlpm.D,'Input Group 2'!S14,_xlpm.dp,IF('Input Group 2'!$E14="",3,'Input Group 2'!$E14),_xlpm.xr,ROUND(_xlpm.x,_xlpm.dp),_xlpm.lo,ROUND(_xlpm.ref-_xlpm.D,_xlpm.dp),_xlpm.hi,ROUND(_xlpm.ref+_xlpm.D,_xlpm.dp),IF(_xlpm.xr>=_xlpm.ref,(_xlpm.xr-_xlpm.ref)/(_xlpm.hi-_xlpm.ref),(_xlpm.xr-_xlpm.ref)/(_xlpm.ref-_xlpm.lo))) -> -0.041666667 | J35: =_xlfn.LET(_xlpm.x,'Input Group 2'!AI14,_xlpm.ref,'Input Group 2'!G14,_xlpm.D,'Input Group 2'!S14,_xlpm.dp,IF('Input Group 2'!$E14="",3,'Input Group 2'!$E14),_xlpm.xr,ROUND(_xlpm.x,_xlpm.dp),_xlpm.lo,ROUND(_xlpm.ref-_xlpm.D,_xlpm.dp),_xlpm.hi,ROUND(_xlpm.ref+_xlpm.D,_xlpm.dp),IF(_xlpm.xr>=_xlpm.ref,(_xlpm.xr-_xlpm.ref)/(_xlpm.hi-_xlpm.ref),(_xlpm.xr-_xlpm.ref)/(_xlpm.ref-_xlpm.lo))) -> 2.0416667 | K35: =_xlfn.LET(_xlpm.x,'Input Group 2'!AM14,_xlpm.ref,'Input Group 2'!G14,_xlpm.D,'Input Group 2'!S14,_xlpm.dp,IF('Input Group 2'!$E14="",3,'Input Group 2'!$E14),_xlpm.xr,ROUND(_xlpm.x,_xlpm.dp),_xlpm.lo,ROUND(_xlpm.ref-_xlpm.D,_xlpm.dp),_xlpm.hi,ROUND(_xlpm.ref+_xlpm.D,_xlpm.dp),IF(_xlpm.xr>=_xlpm.ref,(_xlpm.xr-_xlpm.ref)/(_xlpm.hi-_xlpm.ref),(_xlpm.xr-_xlpm.ref)/(_xlpm.ref-_xlpm.lo))) -> -0.5
C36: =TRIM('Input Group 2'!B15) -> Testcase1 | D36: ='Input Group 2'!C15 -> n/a | E36: ='Input Group 2'!D15 -> 5000 | F36: LRL | G36: =_xlfn.LET(_xlpm.x,'Input Group 2'!V15,_xlpm.ref,'Input Group 2'!F15,_xlpm.D,'Input Group 2'!O15,_xlpm.dp,IF('Input Group 2'!$E15="",3,'Input Group 2'!$E15),_xlpm.xr,ROUND(_xlpm.x,_xlpm.dp),_xlpm.lo,ROUND(_xlpm.ref-_xlpm.D,_xlpm.dp),_xlpm.hi,ROUND(_xlpm.ref+_xlpm.D,_xlpm.dp),IF(_xlpm.xr>=_xlpm.ref,(_xlpm.xr-_xlpm.ref)/(_xlpm.hi-_xlpm.ref),(_xlpm.xr-_xlpm.ref)/(_xlpm.ref-_xlpm.lo))) -> 0.7 | H36: =_xlfn.LET(_xlpm.x,'Input Group 2'!Z15,_xlpm.ref,'Input Group 2'!F15,_xlpm.D,'Input Group 2'!O15,_xlpm.dp,IF('Input Group 2'!$E15="",3,'Input Group 2'!$E15),_xlpm.xr,ROUND(_xlpm.x,_xlpm.dp),_xlpm.lo,ROUND(_xlpm.ref-_xlpm.D,_xlpm.dp),_xlpm.hi,ROUND(_xlpm.ref+_xlpm.D,_xlpm.dp),IF(_xlpm.xr>=_xlpm.ref,(_xlpm.xr-_xlpm.ref)/(_xlpm.hi-_xlpm.ref),(_xlpm.xr-_xlpm.ref)/(_xlpm.ref-_xlpm.lo))) -> 0 | I36: =_xlfn.LET(_xlpm.x,'Input Group 2'!AD15,_xlpm.ref,'Input Group 2'!F15,_xlpm.D,'Input Group 2'!O15,_xlpm.dp,IF('Input Group 2'!$E15="",3,'Input Group 2'!$E15),_xlpm.xr,ROUND(_xlpm.x,_xlpm.dp),_xlpm.lo,ROUND(_xlpm.ref-_xlpm.D,_xlpm.dp),_xlpm.hi,ROUND(_xlpm.ref+_xlpm.D,_xlpm.dp),IF(_xlpm.xr>=_xlpm.ref,(_xlpm.xr-_xlpm.ref)/(_xlpm.hi-_xlpm.ref),(_xlpm.xr-_xlpm.ref)/(_xlpm.ref-_xlpm.lo))) -> 0.2 | J36: =_xlfn.LET(_xlpm.x,'Input Group 2'!AH15,_xlpm.ref,'Input Group 2'!F15,_xlpm.D,'Input Group 2'!O15,_xlpm.dp,IF('Input Group 2'!$E15="",3,'Input Group 2'!$E15),_xlpm.xr,ROUND(_xlpm.x,_xlpm.dp),_xlpm.lo,ROUND(_xlpm.ref-_xlpm.D,_xlpm.dp),_xlpm.hi,ROUND(_xlpm.ref+_xlpm.D,_xlpm.dp),IF(_xlpm.xr>=_xlpm.ref,(_xlpm.xr-_xlpm.ref)/(_xlpm.hi-_xlpm.ref),(_xlpm.xr-_xlpm.ref)/(_xlpm.ref-_xlpm.lo))) -> 1.7 | K36: =_xlfn.LET(_xlpm.x,'Input Group 2'!AL15,_xlpm.ref,'Input Group 2'!F15,_xlpm.D,'Input Group 2'!O15,_xlpm.dp,IF('Input Group 2'!$E15="",3,'Input Group 2'!$E15),_xlpm.xr,ROUND(_xlpm.x,_xlpm.dp),_xlpm.lo,ROUND(_xlpm.ref-_xlpm.D,_xlpm.dp),_xlpm.hi,ROUND(_xlpm.ref+_xlpm.D,_xlpm.dp),IF(_xlpm.xr>=_xlpm.ref,(_xlpm.xr-_xlpm.ref)/(_xlpm.hi-_xlpm.ref),(_xlpm.xr-_xlpm.ref)/(_xlpm.ref-_xlpm.lo))) -> 0.1
C37: =TRIM('Input Group 2'!B15) -> Testcase1 | D37: ='Input Group 2'!C15 -> n/a | E37: ='Input Group 2'!D15 -> 5000 | F37: URL | G37: =_xlfn.LET(_xlpm.x,'Input Group 2'!W15,_xlpm.ref,'Input Group 2'!G15,_xlpm.D,'Input Group 2'!S15,_xlpm.dp,IF('Input Group 2'!$E15="",3,'Input Group 2'!$E15),_xlpm.xr,ROUND(_xlpm.x,_xlpm.dp),_xlpm.lo,ROUND(_xlpm.ref-_xlpm.D,_xlpm.dp),_xlpm.hi,ROUND(_xlpm.ref+_xlpm.D,_xlpm.dp),IF(_xlpm.xr>=_xlpm.ref,(_xlpm.xr-_xlpm.ref)/(_xlpm.hi-_xlpm.ref),(_xlpm.xr-_xlpm.ref)/(_xlpm.ref-_xlpm.lo))) -> 0.33333333 | H37: =_xlfn.LET(_xlpm.x,'Input Group 2'!AA15,_xlpm.ref,'Input Group 2'!G15,_xlpm.D,'Input Group 2'!S15,_xlpm.dp,IF('Input Group 2'!$E15="",3,'Input Group 2'!$E15),_xlpm.xr,ROUND(_xlpm.x,_xlpm.dp),_xlpm.lo,ROUND(_xlpm.ref-_xlpm.D,_xlpm.dp),_xlpm.hi,ROUND(_xlpm.ref+_xlpm.D,_xlpm.dp),IF(_xlpm.xr>=_xlpm.ref,(_xlpm.xr-_xlpm.ref)/(_xlpm.hi-_xlpm.ref),(_xlpm.xr-_xlpm.ref)/(_xlpm.ref-_xlpm.lo))) -> -0.041666667 | I37: =_xlfn.LET(_xlpm.x,'Input Group 2'!AE15,_xlpm.ref,'Input Group 2'!G15,_xlpm.D,'Input Group 2'!S15,_xlpm.dp,IF('Input Group 2'!$E15="",3,'Input Group 2'!$E15),_xlpm.xr,ROUND(_xlpm.x,_xlpm.dp),_xlpm.lo,ROUND(_xlpm.ref-_xlpm.D,_xlpm.dp),_xlpm.hi,ROUND(_xlpm.ref+_xlpm.D,_xlpm.dp),IF(_xlpm.xr>=_xlpm.ref,(_xlpm.xr-_xlpm.ref)/(_xlpm.hi-_xlpm.ref),(_xlpm.xr-_xlpm.ref)/(_xlpm.ref-_xlpm.lo))) -> 0 | J37: =_xlfn.LET(_xlpm.x,'Input Group 2'!AI15,_xlpm.ref,'Input Group 2'!G15,_xlpm.D,'Input Group 2'!S15,_xlpm.dp,IF('Input Group 2'!$E15="",3,'Input Group 2'!$E15),_xlpm.xr,ROUND(_xlpm.x,_xlpm.dp),_xlpm.lo,ROUND(_xlpm.ref-_xlpm.D,_xlpm.dp),_xlpm.hi,ROUND(_xlpm.ref+_xlpm.D,_xlpm.dp),IF(_xlpm.xr>=_xlpm.ref,(_xlpm.xr-_xlpm.ref)/(_xlpm.hi-_xlpm.ref),(_xlpm.xr-_xlpm.ref)/(_xlpm.ref-_xlpm.lo))) -> 3.5 | K37: =_xlfn.LET(_xlpm.x,'Input Group 2'!AM15,_xlpm.ref,'Input Group 2'!G15,_xlpm.D,'Input Group 2'!S15,_xlpm.dp,IF('Input Group 2'!$E15="",3,'Input Group 2'!$E15),_xlpm.xr,ROUND(_xlpm.x,_xlpm.dp),_xlpm.lo,ROUND(_xlpm.ref-_xlpm.D,_xlpm.dp),_xlpm.hi,ROUND(_xlpm.ref+_xlpm.D,_xlpm.dp),IF(_xlpm.xr>=_xlpm.ref,(_xlpm.xr-_xlpm.ref)/(_xlpm.hi-_xlpm.ref),(_xlpm.xr-_xlpm.ref)/(_xlpm.ref-_xlpm.lo))) -> -0.083333333
C38: =TRIM('Input Group 2'!B16) -> Testcase1 | D38: ='Input Group 2'!C16 -> n/a | E38: ='Input Group 2'!D16 -> 10000 | F38: LRL | G38: =_xlfn.LET(_xlpm.x,'Input Group 2'!V16,_xlpm.ref,'Input Group 2'!F16,_xlpm.D,'Input Group 2'!O16,_xlpm.dp,IF('Input Group 2'!$E16="",3,'Input Group 2'!$E16),_xlpm.xr,ROUND(_xlpm.x,_xlpm.dp),_xlpm.lo,ROUND(_xlpm.ref-_xlpm.D,_xlpm.dp),_xlpm.hi,ROUND(_xlpm.ref+_xlpm.D,_xlpm.dp),IF(_xlpm.xr>=_xlpm.ref,(_xlpm.xr-_xlpm.ref)/(_xlpm.hi-_xlpm.ref),(_xlpm.xr-_xlpm.ref)/(_xlpm.ref-_xlpm.lo))) -> 2.8 | H38: =_xlfn.LET(_xlpm.x,'Input Group 2'!Z16,_xlpm.ref,'Input Group 2'!F16,_xlpm.D,'Input Group 2'!O16,_xlpm.dp,IF('Input Group 2'!$E16="",3,'Input Group 2'!$E16),_xlpm.xr,ROUND(_xlpm.x,_xlpm.dp),_xlpm.lo,ROUND(_xlpm.ref-_xlpm.D,_xlpm.dp),_xlpm.hi,ROUND(_xlpm.ref+_xlpm.D,_xlpm.dp),IF(_xlpm.xr>=_xlpm.ref,(_xlpm.xr-_xlpm.ref)/(_xlpm.hi-_xlpm.ref),(_xlpm.xr-_xlpm.ref)/(_xlpm.ref-_xlpm.lo))) -> 0.1 | I38: =_xlfn.LET(_xlpm.x,'Input Group 2'!AD16,_xlpm.ref,'Input Group 2'!F16,_xlpm.D,'Input Group 2'!O16,_xlpm.dp,IF('Input Group 2'!$E16="",3,'Input Group 2'!$E16),_xlpm.xr,ROUND(_xlpm.x,_xlpm.dp),_xlpm.lo,ROUND(_xlpm.ref-_xlpm.D,_xlpm.dp),_xlpm.hi,ROUND(_xlpm.ref+_xlpm.D,_xlpm.dp),IF(_xlpm.xr>=_xlpm.ref,(_xlpm.xr-_xlpm.ref)/(_xlpm.hi-_xlpm.ref),(_xlpm.xr-_xlpm.ref)/(_xlpm.ref-_xlpm.lo))) -> 0.1 | J38: =_xlfn.LET(_xlpm.x,'Input Group 2'!AH16,_xlpm.ref,'Input Group 2'!F16,_xlpm.D,'Input Group 2'!O16,_xlpm.dp,IF('Input Group 2'!$E16="",3,'Input Group 2'!$E16),_xlpm.xr,ROUND(_xlpm.x,_xlpm.dp),_xlpm.lo,ROUND(_xlpm.ref-_xlpm.D,_xlpm.dp),_xlpm.hi,ROUND(_xlpm.ref+_xlpm.D,_xlpm.dp),IF(_xlpm.xr>=_xlpm.ref,(_xlpm.xr-_xlpm.ref)/(_xlpm.hi-_xlpm.ref),(_xlpm.xr-_xlpm.ref)/(_xlpm.ref-_xlpm.lo))) -> 1.8 | K38: =_xlfn.LET(_xlpm.x,'Input Group 2'!AL16,_xlpm.ref,'Input Group 2'!F16,_xlpm.D,'Input Group 2'!O16,_xlpm.dp,IF('Input Group 2'!$E16="",3,'Input Group 2'!$E16),_xlpm.xr,ROUND(_xlpm.x,_xlpm.dp),_xlpm.lo,ROUND(_xlpm.ref-_xlpm.D,_xlpm.dp),_xlpm.hi,ROUND(_xlpm.ref+_xlpm.D,_xlpm.dp),IF(_xlpm.xr>=_xlpm.ref,(_xlpm.xr-_xlpm.ref)/(_xlpm.hi-_xlpm.ref),(_xlpm.xr-_xlpm.ref)/(_xlpm.ref-_xlpm.lo))) -> 0.2
C39: =TRIM('Input Group 2'!B16) -> Testcase1 | D39: ='Input Group 2'!C16 -> n/a | E39: ='Input Group 2'!D16 -> 10000 | F39: URL | G39: =_xlfn.LET(_xlpm.x,'Input Group 2'!W16,_xlpm.ref,'Input Group 2'!G16,_xlpm.D,'Input Group 2'!S16,_xlpm.dp,IF('Input Group 2'!$E16="",3,'Input Group 2'!$E16),_xlpm.xr,ROUND(_xlpm.x,_xlpm.dp),_xlpm.lo,ROUND(_xlpm.ref-_xlpm.D,_xlpm.dp),_xlpm.hi,ROUND(_xlpm.ref+_xlpm.D,_xlpm.dp),IF(_xlpm.xr>=_xlpm.ref,(_xlpm.xr-_xlpm.ref)/(_xlpm.hi-_xlpm.ref),(_xlpm.xr-_xlpm.ref)/(_xlpm.ref-_xlpm.lo))) -> 0.75 | H39: =_xlfn.LET(_xlpm.x,'Input Group 2'!AA16,_xlpm.ref,'Input Group 2'!G16,_xlpm.D,'Input Group 2'!S16,_xlpm.dp,IF('Input Group 2'!$E16="",3,'Input Group 2'!$E16),_xlpm.xr,ROUND(_xlpm.x,_xlpm.dp),_xlpm.lo,ROUND(_xlpm.ref-_xlpm.D,_xlpm.dp),_xlpm.hi,ROUND(_xlpm.ref+_xlpm.D,_xlpm.dp),IF(_xlpm.xr>=_xlpm.ref,(_xlpm.xr-_xlpm.ref)/(_xlpm.hi-_xlpm.ref),(_xlpm.xr-_xlpm.ref)/(_xlpm.ref-_xlpm.lo))) -> 0.041666667 | I39: =_xlfn.LET(_xlpm.x,'Input Group 2'!AE16,_xlpm.ref,'Input Group 2'!G16,_xlpm.D,'Input Group 2'!S16,_xlpm.dp,IF('Input Group 2'!$E16="",3,'Input Group 2'!$E16),_xlpm.xr,ROUND(_xlpm.x,_xlpm.dp),_xlpm.lo,ROUND(_xlpm.ref-_xlpm.D,_xlpm.dp),_xlpm.hi,ROUND(_xlpm.ref+_xlpm.D,_xlpm.dp),IF(_xlpm.xr>=_xlpm.ref,(_xlpm.xr-_xlpm.ref)/(_xlpm.hi-_xlpm.ref),(_xlpm.xr-_xlpm.ref)/(_xlpm.ref-_xlpm.lo))) -> 0 | J39: =_xlfn.LET(_xlpm.x,'Input Group 2'!AI16,_xlpm.ref,'Input Group 2'!G16,_xlpm.D,'Input Group 2'!S16,_xlpm.dp,IF('Input Group 2'!$E16="",3,'Input Group 2'!$E16),_xlpm.xr,ROUND(_xlpm.x,_xlpm.dp),_xlpm.lo,ROUND(_xlpm.ref-_xlpm.D,_xlpm.dp),_xlpm.hi,ROUND(_xlpm.ref+_xlpm.D,_xlpm.dp),IF(_xlpm.xr>=_xlpm.ref,(_xlpm.xr-_xlpm.ref)/(_xlpm.hi-_xlpm.ref),(_xlpm.xr-_xlpm.ref)/(_xlpm.ref-_xlpm.lo))) -> 3.3333333 | K39: =_xlfn.LET(_xlpm.x,'Input Group 2'!AM16,_xlpm.ref,'Input Group 2'!G16,_xlpm.D,'Input Group 2'!S16,_xlpm.dp,IF('Input Group 2'!$E16="",3,'Input Group 2'!$E16),_xlpm.xr,ROUND(_xlpm.x,_xlpm.dp),_xlpm.lo,ROUND(_xlpm.ref-_xlpm.D,_xlpm.dp),_xlpm.hi,ROUND(_xlpm.ref+_xlpm.D,_xlpm.dp),IF(_xlpm.xr>=_xlpm.ref,(_xlpm.xr-_xlpm.ref)/(_xlpm.hi-_xlpm.ref),(_xlpm.xr-_xlpm.ref)/(_xlpm.ref-_xlpm.lo))) -> -0.125
C40: =TRIM('Input Group 2'!B17) -> Testcase2 | D40: ='Input Group 2'!C17 -> n/a | E40: ='Input Group 2'!D17 -> 500 | F40: LRL | G40: =_xlfn.LET(_xlpm.x,'Input Group 2'!V17,_xlpm.ref,'Input Group 2'!F17,_xlpm.D,'Input Group 2'!O17,_xlpm.dp,IF('Input Group 2'!$E17="",3,'Input Group 2'!$E17),_xlpm.xr,ROUND(_xlpm.x,_xlpm.dp),_xlpm.lo,ROUND(_xlpm.ref-_xlpm.D,_xlpm.dp),_xlpm.hi,ROUND(_xlpm.ref+_xlpm.D,_xlpm.dp),IF(_xlpm.xr>=_xlpm.ref,(_xlpm.xr-_xlpm.ref)/(_xlpm.hi-_xlpm.ref),(_xlpm.xr-_xlpm.ref)/(_xlpm.ref-_xlpm.lo))) -> -2.3392857 | H40: =_xlfn.LET(_xlpm.x,'Input Group 2'!Z17,_xlpm.ref,'Input Group 2'!F17,_xlpm.D,'Input Group 2'!O17,_xlpm.dp,IF('Input Group 2'!$E17="",3,'Input Group 2'!$E17),_xlpm.xr,ROUND(_xlpm.x,_xlpm.dp),_xlpm.lo,ROUND(_xlpm.ref-_xlpm.D,_xlpm.dp),_xlpm.hi,ROUND(_xlpm.ref+_xlpm.D,_xlpm.dp),IF(_xlpm.xr>=_xlpm.ref,(_xlpm.xr-_xlpm.ref)/(_xlpm.hi-_xlpm.ref),(_xlpm.xr-_xlpm.ref)/(_xlpm.ref-_xlpm.lo))) -> -3.5357143 | I40: =_xlfn.LET(_xlpm.x,'Input Group 2'!AD17,_xlpm.ref,'Input Group 2'!F17,_xlpm.D,'Input Group 2'!O17,_xlpm.dp,IF('Input Group 2'!$E17="",3,'Input Group 2'!$E17),_xlpm.xr,ROUND(_xlpm.x,_xlpm.dp),_xlpm.lo,ROUND(_xlpm.ref-_xlpm.D,_xlpm.dp),_xlpm.hi,ROUND(_xlpm.ref+_xlpm.D,_xlpm.dp),IF(_xlpm.xr>=_xlpm.ref,(_xlpm.xr-_xlpm.ref)/(_xlpm.hi-_xlpm.ref),(_xlpm.xr-_xlpm.ref)/(_xlpm.ref-_xlpm.lo))) -> -1.375 | J40: =_xlfn.LET(_xlpm.x,'Input Group 2'!AH17,_xlpm.ref,'Input Group 2'!F17,_xlpm.D,'Input Group 2'!O17,_xlpm.dp,IF('Input Group 2'!$E17="",3,'Input Group 2'!$E17),_xlpm.xr,ROUND(_xlpm.x,_xlpm.dp),_xlpm.lo,ROUND(_xlpm.ref-_xlpm.D,_xlpm.dp),_xlpm.hi,ROUND(_xlpm.ref+_xlpm.D,_xlpm.dp),IF(_xlpm.xr>=_xlpm.ref,(_xlpm.xr-_xlpm.ref)/(_xlpm.hi-_xlpm.ref),(_xlpm.xr-_xlpm.ref)/(_xlpm.ref-_xlpm.lo))) -> -1.0357143 | K40: =_xlfn.LET(_xlpm.x,'Input Group 2'!AL17,_xlpm.ref,'Input Group 2'!F17,_xlpm.D,'Input Group 2'!O17,_xlpm.dp,IF('Input Group 2'!$E17="",3,'Input Group 2'!$E17),_xlpm.xr,ROUND(_xlpm.x,_xlpm.dp),_xlpm.lo,ROUND(_xlpm.ref-_xlpm.D,_xlpm.dp),_xlpm.hi,ROUND(_xlpm.ref+_xlpm.D,_xlpm.dp),IF(_xlpm.xr>=_xlpm.ref,(_xlpm.xr-_xlpm.ref)/(_xlpm.hi-_xlpm.ref),(_xlpm.xr-_xlpm.ref)/(_xlpm.ref-_xlpm.lo))) -> -0.67857143
C41: =TRIM('Input Group 2'!B17) -> Testcase2 | D41: ='Input Group 2'!C17 -> n/a | E41: ='Input Group 2'!D17 -> 500 | F41: URL | G41: =_xlfn.LET(_xlpm.x,'Input Group 2'!W17,_xlpm.ref,'Input Group 2'!G17,_xlpm.D,'Input Group 2'!S17,_xlpm.dp,IF('Input Group 2'!$E17="",3,'Input Group 2'!$E17),_xlpm.xr,ROUND(_xlpm.x,_xlpm.dp),_xlpm.lo,ROUND(_xlpm.ref-_xlpm.D,_xlpm.dp),_xlpm.hi,ROUND(_xlpm.ref+_xlpm.D,_xlpm.dp),IF(_xlpm.xr>=_xlpm.ref,(_xlpm.xr-_xlpm.ref)/(_xlpm.hi-_xlpm.ref),(_xlpm.xr-_xlpm.ref)/(_xlpm.ref-_xlpm.lo))) -> 0.081967213 | H41: =_xlfn.LET(_xlpm.x,'Input Group 2'!AA17,_xlpm.ref,'Input Group 2'!G17,_xlpm.D,'Input Group 2'!S17,_xlpm.dp,IF('Input Group 2'!$E17="",3,'Input Group 2'!$E17),_xlpm.xr,ROUND(_xlpm.x,_xlpm.dp),_xlpm.lo,ROUND(_xlpm.ref-_xlpm.D,_xlpm.dp),_xlpm.hi,ROUND(_xlpm.ref+_xlpm.D,_xlpm.dp),IF(_xlpm.xr>=_xlpm.ref,(_xlpm.xr-_xlpm.ref)/(_xlpm.hi-_xlpm.ref),(_xlpm.xr-_xlpm.ref)/(_xlpm.ref-_xlpm.lo))) -> 0.6557377 | I41: =_xlfn.LET(_xlpm.x,'Input Group 2'!AE17,_xlpm.ref,'Input Group 2'!G17,_xlpm.D,'Input Group 2'!S17,_xlpm.dp,IF('Input Group 2'!$E17="",3,'Input Group 2'!$E17),_xlpm.xr,ROUND(_xlpm.x,_xlpm.dp),_xlpm.lo,ROUND(_xlpm.ref-_xlpm.D,_xlpm.dp),_xlpm.hi,ROUND(_xlpm.ref+_xlpm.D,_xlpm.dp),IF(_xlpm.xr>=_xlpm.ref,(_xlpm.xr-_xlpm.ref)/(_xlpm.hi-_xlpm.ref),(_xlpm.xr-_xlpm.ref)/(_xlpm.ref-_xlpm.lo))) -> 1.8852459 | J41: =_xlfn.LET(_xlpm.x,'Input Group 2'!AI17,_xlpm.ref,'Input Group 2'!G17,_xlpm.D,'Input Group 2'!S17,_xlpm.dp,IF('Input Group 2'!$E17="",3,'Input Group 2'!$E17),_xlpm.xr,ROUND(_xlpm.x,_xlpm.dp),_xlpm.lo,ROUND(_xlpm.ref-_xlpm.D,_xlpm.dp),_xlpm.hi,ROUND(_xlpm.ref+_xlpm.D,_xlpm.dp),IF(_xlpm.xr>=_xlpm.ref,(_xlpm.xr-_xlpm.ref)/(_xlpm.hi-_xlpm.ref),(_xlpm.xr-_xlpm.ref)/(_xlpm.ref-_xlpm.lo))) -> 1.6393443 | K41: =_xlfn.LET(_xlpm.x,'Input Group 2'!AM17,_xlpm.ref,'Input Group 2'!G17,_xlpm.D,'Input Group 2'!S17,_xlpm.dp,IF('Input Group 2'!$E17="",3,'Input Group 2'!$E17),_xlpm.xr,ROUND(_xlpm.x,_xlpm.dp),_xlpm.lo,ROUND(_xlpm.ref-_xlpm.D,_xlpm.dp),_xlpm.hi,ROUND(_xlpm.ref+_xlpm.D,_xlpm.dp),IF(_xlpm.xr>=_xlpm.ref,(_xlpm.xr-_xlpm.ref)/(_xlpm.hi-_xlpm.ref),(_xlpm.xr-_xlpm.ref)/(_xlpm.ref-_xlpm.lo))) -> 1.2131148
C42: =TRIM('Input Group 2'!B18) -> Testcase2 | D42: ='Input Group 2'!C18 -> n/a | E42: ='Input Group 2'!D18 -> 1000 | F42: LRL | G42: =_xlfn.LET(_xlpm.x,'Input Group 2'!V18,_xlpm.ref,'Input Group 2'!F18,_xlpm.D,'Input Group 2'!O18,_xlpm.dp,IF('Input Group 2'!$E18="",3,'Input Group 2'!$E18),_xlpm.xr,ROUND(_xlpm.x,_xlpm.dp),_xlpm.lo,ROUND(_xlpm.ref-_xlpm.D,_xlpm.dp),_xlpm.hi,ROUND(_xlpm.ref+_xlpm.D,_xlpm.dp),IF(_xlpm.xr>=_xlpm.ref,(_xlpm.xr-_xlpm.ref)/(_xlpm.hi-_xlpm.ref),(_xlpm.xr-_xlpm.ref)/(_xlpm.ref-_xlpm.lo))) -> -2.6607143 | H42: =_xlfn.LET(_xlpm.x,'Input Group 2'!Z18,_xlpm.ref,'Input Group 2'!F18,_xlpm.D,'Input Group 2'!O18,_xlpm.dp,IF('Input Group 2'!$E18="",3,'Input Group 2'!$E18),_xlpm.xr,ROUND(_xlpm.x,_xlpm.dp),_xlpm.lo,ROUND(_xlpm.ref-_xlpm.D,_xlpm.dp),_xlpm.hi,ROUND(_xlpm.ref+_xlpm.D,_xlpm.dp),IF(_xlpm.xr>=_xlpm.ref,(_xlpm.xr-_xlpm.ref)/(_xlpm.hi-_xlpm.ref),(_xlpm.xr-_xlpm.ref)/(_xlpm.ref-_xlpm.lo))) -> -4.1071429 | I42: =_xlfn.LET(_xlpm.x,'Input Group 2'!AD18,_xlpm.ref,'Input Group 2'!F18,_xlpm.D,'Input Group 2'!O18,_xlpm.dp,IF('Input Group 2'!$E18="",3,'Input Group 2'!$E18),_xlpm.xr,ROUND(_xlpm.x,_xlpm.dp),_xlpm.lo,ROUND(_xlpm.ref-_xlpm.D,_xlpm.dp),_xlpm.hi,ROUND(_xlpm.ref+_xlpm.D,_xlpm.dp),IF(_xlpm.xr>=_xlpm.ref,(_xlpm.xr-_xlpm.ref)/(_xlpm.hi-_xlpm.ref),(_xlpm.xr-_xlpm.ref)/(_xlpm.ref-_xlpm.lo))) -> -2.5 | J42: =_xlfn.LET(_xlpm.x,'Input Group 2'!AH18,_xlpm.ref,'Input Group 2'!F18,_xlpm.D,'Input Group 2'!O18,_xlpm.dp,IF('Input Group 2'!$E18="",3,'Input Group 2'!$E18),_xlpm.xr,ROUND(_xlpm.x,_xlpm.dp),_xlpm.lo,ROUND(_xlpm.ref-_xlpm.D,_xlpm.dp),_xlpm.hi,ROUND(_xlpm.ref+_xlpm.D,_xlpm.dp),IF(_xlpm.xr>=_xlpm.ref,(_xlpm.xr-_xlpm.ref)/(_xlpm.hi-_xlpm.ref),(_xlpm.xr-_xlpm.ref)/(_xlpm.ref-_xlpm.lo))) -> 0.035714286 | K42: =_xlfn.LET(_xlpm.x,'Input Group 2'!AL18,_xlpm.ref,'Input Group 2'!F18,_xlpm.D,'Input Group 2'!O18,_xlpm.dp,IF('Input Group 2'!$E18="",3,'Input Group 2'!$E18),_xlpm.xr,ROUND(_xlpm.x,_xlpm.dp),_xlpm.lo,ROUND(_xlpm.ref-_xlpm.D,_xlpm.dp),_xlpm.hi,ROUND(_xlpm.ref+_xlpm.D,_xlpm.dp),IF(_xlpm.xr>=_xlpm.ref,(_xlpm.xr-_xlpm.ref)/(_xlpm.hi-_xlpm.ref),(_xlpm.xr-_xlpm.ref)/(_xlpm.ref-_xlpm.lo))) -> 0.55357143
C43: =TRIM('Input Group 2'!B18) -> Testcase2 | D43: ='Input Group 2'!C18 -> n/a | E43: ='Input Group 2'!D18 -> 1000 | F43: URL | G43: =_xlfn.LET(_xlpm.x,'Input Group 2'!W18,_xlpm.ref,'Input Group 2'!G18,_xlpm.D,'Input Group 2'!S18,_xlpm.dp,IF('Input Group 2'!$E18="",3,'Input Group 2'!$E18),_xlpm.xr,ROUND(_xlpm.x,_xlpm.dp),_xlpm.lo,ROUND(_xlpm.ref-_xlpm.D,_xlpm.dp),_xlpm.hi,ROUND(_xlpm.ref+_xlpm.D,_xlpm.dp),IF(_xlpm.xr>=_xlpm.ref,(_xlpm.xr-_xlpm.ref)/(_xlpm.hi-_xlpm.ref),(_xlpm.xr-_xlpm.ref)/(_xlpm.ref-_xlpm.lo))) -> -0.98360656 | H43: =_xlfn.LET(_xlpm.x,'Input Group 2'!AA18,_xlpm.ref,'Input Group 2'!G18,_xlpm.D,'Input Group 2'!S18,_xlpm.dp,IF('Input Group 2'!$E18="",3,'Input Group 2'!$E18),_xlpm.xr,ROUND(_xlpm.x,_xlpm.dp),_xlpm.lo,ROUND(_xlpm.ref-_xlpm.D,_xlpm.dp),_xlpm.hi,ROUND(_xlpm.ref+_xlpm.D,_xlpm.dp),IF(_xlpm.xr>=_xlpm.ref,(_xlpm.xr-_xlpm.ref)/(_xlpm.hi-_xlpm.ref),(_xlpm.xr-_xlpm.ref)/(_xlpm.ref-_xlpm.lo))) -> -0.16393443 | I43: =_xlfn.LET(_xlpm.x,'Input Group 2'!AE18,_xlpm.ref,'Input Group 2'!G18,_xlpm.D,'Input Group 2'!S18,_xlpm.dp,IF('Input Group 2'!$E18="",3,'Input Group 2'!$E18),_xlpm.xr,ROUND(_xlpm.x,_xlpm.dp),_xlpm.lo,ROUND(_xlpm.ref-_xlpm.D,_xlpm.dp),_xlpm.hi,ROUND(_xlpm.ref+_xlpm.D,_xlpm.dp),IF(_xlpm.xr>=_xlpm.ref,(_xlpm.xr-_xlpm.ref)/(_xlpm.hi-_xlpm.ref),(_xlpm.xr-_xlpm.ref)/(_xlpm.ref-_xlpm.lo))) -> 0.98360656 | J43: =_xlfn.LET(_xlpm.x,'Input Group 2'!AI18,_xlpm.ref,'Input Group 2'!G18,_xlpm.D,'Input Group 2'!S18,_xlpm.dp,IF('Input Group 2'!$E18="",3,'Input Group 2'!$E18),_xlpm.xr,ROUND(_xlpm.x,_xlpm.dp),_xlpm.lo,ROUND(_xlpm.ref-_xlpm.D,_xlpm.dp),_xlpm.hi,ROUND(_xlpm.ref+_xlpm.D,_xlpm.dp),IF(_xlpm.xr>=_xlpm.ref,(_xlpm.xr-_xlpm.ref)/(_xlpm.hi-_xlpm.ref),(_xlpm.xr-_xlpm.ref)/(_xlpm.ref-_xlpm.lo))) -> 0.16393443 | K43: =_xlfn.LET(_xlpm.x,'Input Group 2'!AM18,_xlpm.ref,'Input Group 2'!G18,_xlpm.D,'Input Group 2'!S18,_xlpm.dp,IF('Input Group 2'!$E18="",3,'Input Group 2'!$E18),_xlpm.xr,ROUND(_xlpm.x,_xlpm.dp),_xlpm.lo,ROUND(_xlpm.ref-_xlpm.D,_xlpm.dp),_xlpm.hi,ROUND(_xlpm.ref+_xlpm.D,_xlpm.dp),IF(_xlpm.xr>=_xlpm.ref,(_xlpm.xr-_xlpm.ref)/(_xlpm.hi-_xlpm.ref),(_xlpm.xr-_xlpm.ref)/(_xlpm.ref-_xlpm.lo))) -> 0.17213115
C44: =TRIM('Input Group 2'!B19) -> Testcase2 | D44: ='Input Group 2'!C19 -> n/a | E44: ='Input Group 2'!D19 -> 5000 | F44: LRL | G44: =_xlfn.LET(_xlpm.x,'Input Group 2'!V19,_xlpm.ref,'Input Group 2'!F19,_xlpm.D,'Input Group 2'!O19,_xlpm.dp,IF('Input Group 2'!$E19="",3,'Input Group 2'!$E19),_xlpm.xr,ROUND(_xlpm.x,_xlpm.dp),_xlpm.lo,ROUND(_xlpm.ref-_xlpm.D,_xlpm.dp),_xlpm.hi,ROUND(_xlpm.ref+_xlpm.D,_xlpm.dp),IF(_xlpm.xr>=_xlpm.ref,(_xlpm.xr-_xlpm.ref)/(_xlpm.hi-_xlpm.ref),(_xlpm.xr-_xlpm.ref)/(_xlpm.ref-_xlpm.lo))) -> -2.4107143 | H44: =_xlfn.LET(_xlpm.x,'Input Group 2'!Z19,_xlpm.ref,'Input Group 2'!F19,_xlpm.D,'Input Group 2'!O19,_xlpm.dp,IF('Input Group 2'!$E19="",3,'Input Group 2'!$E19),_xlpm.xr,ROUND(_xlpm.x,_xlpm.dp),_xlpm.lo,ROUND(_xlpm.ref-_xlpm.D,_xlpm.dp),_xlpm.hi,ROUND(_xlpm.ref+_xlpm.D,_xlpm.dp),IF(_xlpm.xr>=_xlpm.ref,(_xlpm.xr-_xlpm.ref)/(_xlpm.hi-_xlpm.ref),(_xlpm.xr-_xlpm.ref)/(_xlpm.ref-_xlpm.lo))) -> -2.8928571 | I44: =_xlfn.LET(_xlpm.x,'Input Group 2'!AD19,_xlpm.ref,'Input Group 2'!F19,_xlpm.D,'Input Group 2'!O19,_xlpm.dp,IF('Input Group 2'!$E19="",3,'Input Group 2'!$E19),_xlpm.xr,ROUND(_xlpm.x,_xlpm.dp),_xlpm.lo,ROUND(_xlpm.ref-_xlpm.D,_xlpm.dp),_xlpm.hi,ROUND(_xlpm.ref+_xlpm.D,_xlpm.dp),IF(_xlpm.xr>=_xlpm.ref,(_xlpm.xr-_xlpm.ref)/(_xlpm.hi-_xlpm.ref),(_xlpm.xr-_xlpm.ref)/(_xlpm.ref-_xlpm.lo))) -> -1.1607143 | J44: =_xlfn.LET(_xlpm.x,'Input Group 2'!AH19,_xlpm.ref,'Input Group 2'!F19,_xlpm.D,'Input Group 2'!O19,_xlpm.dp,IF('Input Group 2'!$E19="",3,'Input Group 2'!$E19),_xlpm.xr,ROUND(_xlpm.x,_xlpm.dp),_xlpm.lo,ROUND(_xlpm.ref-_xlpm.D,_xlpm.dp),_xlpm.hi,ROUND(_xlpm.ref+_xlpm.D,_xlpm.dp),IF(_xlpm.xr>=_xlpm.ref,(_xlpm.xr-_xlpm.ref)/(_xlpm.hi-_xlpm.ref),(_xlpm.xr-_xlpm.ref)/(_xlpm.ref-_xlpm.lo))) -> 0.21428571 | K44: =_xlfn.LET(_xlpm.x,'Input Group 2'!AL19,_xlpm.ref,'Input Group 2'!F19,_xlpm.D,'Input Group 2'!O19,_xlpm.dp,IF('Input Group 2'!$E19="",3,'Input Group 2'!$E19),_xlpm.xr,ROUND(_xlpm.x,_xlpm.dp),_xlpm.lo,ROUND(_xlpm.ref-_xlpm.D,_xlpm.dp),_xlpm.hi,ROUND(_xlpm.ref+_xlpm.D,_xlpm.dp),IF(_xlpm.xr>=_xlpm.ref,(_xlpm.xr-_xlpm.ref)/(_xlpm.hi-_xlpm.ref),(_xlpm.xr-_xlpm.ref)/(_xlpm.ref-_xlpm.lo))) -> 0.66071429
C45: =TRIM('Input Group 2'!B19) -> Testcase2 | D45: ='Input Group 2'!C19 -> n/a | E45: ='Input Group 2'!D19 -> 5000 | F45: URL | G45: =_xlfn.LET(_xlpm.x,'Input Group 2'!W19,_xlpm.ref,'Input Group 2'!G19,_xlpm.D,'Input Group 2'!S19,_xlpm.dp,IF('Input Group 2'!$E19="",3,'Input Group 2'!$E19),_xlpm.xr,ROUND(_xlpm.x,_xlpm.dp),_xlpm.lo,ROUND(_xlpm.ref-_xlpm.D,_xlpm.dp),_xlpm.hi,ROUND(_xlpm.ref+_xlpm.D,_xlpm.dp),IF(_xlpm.xr>=_xlpm.ref,(_xlpm.xr-_xlpm.ref)/(_xlpm.hi-_xlpm.ref),(_xlpm.xr-_xlpm.ref)/(_xlpm.ref-_xlpm.lo))) -> -0.90163934 | H45: =_xlfn.LET(_xlpm.x,'Input Group 2'!AA19,_xlpm.ref,'Input Group 2'!G19,_xlpm.D,'Input Group 2'!S19,_xlpm.dp,IF('Input Group 2'!$E19="",3,'Input Group 2'!$E19),_xlpm.xr,ROUND(_xlpm.x,_xlpm.dp),_xlpm.lo,ROUND(_xlpm.ref-_xlpm.D,_xlpm.dp),_xlpm.hi,ROUND(_xlpm.ref+_xlpm.D,_xlpm.dp),IF(_xlpm.xr>=_xlpm.ref,(_xlpm.xr-_xlpm.ref)/(_xlpm.hi-_xlpm.ref),(_xlpm.xr-_xlpm.ref)/(_xlpm.ref-_xlpm.lo))) -> -0.73770492 | I45: =_xlfn.LET(_xlpm.x,'Input Group 2'!AE19,_xlpm.ref,'Input Group 2'!G19,_xlpm.D,'Input Group 2'!S19,_xlpm.dp,IF('Input Group 2'!$E19="",3,'Input Group 2'!$E19),_xlpm.xr,ROUND(_xlpm.x,_xlpm.dp),_xlpm.lo,ROUND(_xlpm.ref-_xlpm.D,_xlpm.dp),_xlpm.hi,ROUND(_xlpm.ref+_xlpm.D,_xlpm.dp),IF(_xlpm.xr>=_xlpm.ref,(_xlpm.xr-_xlpm.ref)/(_xlpm.hi-_xlpm.ref),(_xlpm.xr-_xlpm.ref)/(_xlpm.ref-_xlpm.lo))) -> 0.081967213 | J45: =_xlfn.LET(_xlpm.x,'Input Group 2'!AI19,_xlpm.ref,'Input Group 2'!G19,_xlpm.D,'Input Group 2'!S19,_xlpm.dp,IF('Input Group 2'!$E19="",3,'Input Group 2'!$E19),_xlpm.xr,ROUND(_xlpm.x,_xlpm.dp),_xlpm.lo,ROUND(_xlpm.ref-_xlpm.D,_xlpm.dp),_xlpm.hi,ROUND(_xlpm.ref+_xlpm.D,_xlpm.dp),IF(_xlpm.xr>=_xlpm.ref,(_xlpm.xr-_xlpm.ref)/(_xlpm.hi-_xlpm.ref),(_xlpm.xr-_xlpm.ref)/(_xlpm.ref-_xlpm.lo))) -> 0.24590164 | K45: =_xlfn.LET(_xlpm.x,'Input Group 2'!AM19,_xlpm.ref,'Input Group 2'!G19,_xlpm.D,'Input Group 2'!S19,_xlpm.dp,IF('Input Group 2'!$E19="",3,'Input Group 2'!$E19),_xlpm.xr,ROUND(_xlpm.x,_xlpm.dp),_xlpm.lo,ROUND(_xlpm.ref-_xlpm.D,_xlpm.dp),_xlpm.hi,ROUND(_xlpm.ref+_xlpm.D,_xlpm.dp),IF(_xlpm.xr>=_xlpm.ref,(_xlpm.xr-_xlpm.ref)/(_xlpm.hi-_xlpm.ref),(_xlpm.xr-_xlpm.ref)/(_xlpm.ref-_xlpm.lo))) -> -0.090163934
C46: =TRIM('Input Group 2'!B20) -> Testcase2 | D46: ='Input Group 2'!C20 -> n/a | E46: ='Input Group 2'!D20 -> 10000 | F46: LRL | G46: =_xlfn.LET(_xlpm.x,'Input Group 2'!V20,_xlpm.ref,'Input Group 2'!F20,_xlpm.D,'Input Group 2'!O20,_xlpm.dp,IF('Input Group 2'!$E20="",3,'Input Group 2'!$E20),_xlpm.xr,ROUND(_xlpm.x,_xlpm.dp),_xlpm.lo,ROUND(_xlpm.ref-_xlpm.D,_xlpm.dp),_xlpm.hi,ROUND(_xlpm.ref+_xlpm.D,_xlpm.dp),IF(_xlpm.xr>=_xlpm.ref,(_xlpm.xr-_xlpm.ref)/(_xlpm.hi-_xlpm.ref),(_xlpm.xr-_xlpm.ref)/(_xlpm.ref-_xlpm.lo))) -> -2.0892857 | H46: =_xlfn.LET(_xlpm.x,'Input Group 2'!Z20,_xlpm.ref,'Input Group 2'!F20,_xlpm.D,'Input Group 2'!O20,_xlpm.dp,IF('Input Group 2'!$E20="",3,'Input Group 2'!$E20),_xlpm.xr,ROUND(_xlpm.x,_xlpm.dp),_xlpm.lo,ROUND(_xlpm.ref-_xlpm.D,_xlpm.dp),_xlpm.hi,ROUND(_xlpm.ref+_xlpm.D,_xlpm.dp),IF(_xlpm.xr>=_xlpm.ref,(_xlpm.xr-_xlpm.ref)/(_xlpm.hi-_xlpm.ref),(_xlpm.xr-_xlpm.ref)/(_xlpm.ref-_xlpm.lo))) -> -1.3928571 | I46: =_xlfn.LET(_xlpm.x,'Input Group 2'!AD20,_xlpm.ref,'Input Group 2'!F20,_xlpm.D,'Input Group 2'!O20,_xlpm.dp,IF('Input Group 2'!$E20="",3,'Input Group 2'!$E20),_xlpm.xr,ROUND(_xlpm.x,_xlpm.dp),_xlpm.lo,ROUND(_xlpm.ref-_xlpm.D,_xlpm.dp),_xlpm.hi,ROUND(_xlpm.ref+_xlpm.D,_xlpm.dp),IF(_xlpm.xr>=_xlpm.ref,(_xlpm.xr-_xlpm.ref)/(_xlpm.hi-_xlpm.ref),(_xlpm.xr-_xlpm.ref)/(_xlpm.ref-_xlpm.lo))) -> -4.0357143 | J46: =_xlfn.LET(_xlpm.x,'Input Group 2'!AH20,_xlpm.ref,'Input Group 2'!F20,_xlpm.D,'Input Group 2'!O20,_xlpm.dp,IF('Input Group 2'!$E20="",3,'Input Group 2'!$E20),_xlpm.xr,ROUND(_xlpm.x,_xlpm.dp),_xlpm.lo,ROUND(_xlpm.ref-_xlpm.D,_xlpm.dp),_xlpm.hi,ROUND(_xlpm.ref+_xlpm.D,_xlpm.dp),IF(_xlpm.xr>=_xlpm.ref,(_xlpm.xr-_xlpm.ref)/(_xlpm.hi-_xlpm.ref),(_xlpm.xr-_xlpm.ref)/(_xlpm.ref-_xlpm.lo))) -> 0.035714286 | K46: =_xlfn.LET(_xlpm.x,'Input Group 2'!AL20,_xlpm.ref,'Input Group 2'!F20,_xlpm.D,'Input Group 2'!O20,_xlpm.dp,IF('Input Group 2'!$E20="",3,'Input Group 2'!$E20),_xlpm.xr,ROUND(_xlpm.x,_xlpm.dp),_xlpm.lo,ROUND(_xlpm.ref-_xlpm.D,_xlpm.dp),_xlpm.hi,ROUND(_xlpm.ref+_xlpm.D,_xlpm.dp),IF(_xlpm.xr>=_xlpm.ref,(_xlpm.xr-_xlpm.ref)/(_xlpm.hi-_xlpm.ref),(_xlpm.xr-_xlpm.ref)/(_xlpm.ref-_xlpm.lo))) -> -0.26785714
C47: =TRIM('Input Group 2'!B20) -> Testcase2 | D47: ='Input Group 2'!C20 -> n/a | E47: ='Input Group 2'!D20 -> 10000 | F47: URL | G47: =_xlfn.LET(_xlpm.x,'Input Group 2'!W20,_xlpm.ref,'Input Group 2'!G20,_xlpm.D,'Input Group 2'!S20,_xlpm.dp,IF('Input Group 2'!$E20="",3,'Input Group 2'!$E20),_xlpm.xr,ROUND(_xlpm.x,_xlpm.dp),_xlpm.lo,ROUND(_xlpm.ref-_xlpm.D,_xlpm.dp),_xlpm.hi,ROUND(_xlpm.ref+_xlpm.D,_xlpm.dp),IF(_xlpm.xr>=_xlpm.ref,(_xlpm.xr-_xlpm.ref)/(_xlpm.hi-_xlpm.ref),(_xlpm.xr-_xlpm.ref)/(_xlpm.ref-_xlpm.lo))) -> -0.6557377 | H47: =_xlfn.LET(_xlpm.x,'Input Group 2'!AA20,_xlpm.ref,'Input Group 2'!G20,_xlpm.D,'Input Group 2'!S20,_xlpm.dp,IF('Input Group 2'!$E20="",3,'Input Group 2'!$E20),_xlpm.xr,ROUND(_xlpm.x,_xlpm.dp),_xlpm.lo,ROUND(_xlpm.ref-_xlpm.D,_xlpm.dp),_xlpm.hi,ROUND(_xlpm.ref+_xlpm.D,_xlpm.dp),IF(_xlpm.xr>=_xlpm.ref,(_xlpm.xr-_xlpm.ref)/(_xlpm.hi-_xlpm.ref),(_xlpm.xr-_xlpm.ref)/(_xlpm.ref-_xlpm.lo))) -> -0.24590164 | I47: =_xlfn.LET(_xlpm.x,'Input Group 2'!AE20,_xlpm.ref,'Input Group 2'!G20,_xlpm.D,'Input Group 2'!S20,_xlpm.dp,IF('Input Group 2'!$E20="",3,'Input Group 2'!$E20),_xlpm.xr,ROUND(_xlpm.x,_xlpm.dp),_xlpm.lo,ROUND(_xlpm.ref-_xlpm.D,_xlpm.dp),_xlpm.hi,ROUND(_xlpm.ref+_xlpm.D,_xlpm.dp),IF(_xlpm.xr>=_xlpm.ref,(_xlpm.xr-_xlpm.ref)/(_xlpm.hi-_xlpm.ref),(_xlpm.xr-_xlpm.ref)/(_xlpm.ref-_xlpm.lo))) -> 3.1967213 | J47: =_xlfn.LET(_xlpm.x,'Input Group 2'!AI20,_xlpm.ref,'Input Group 2'!G20,_xlpm.D,'Input Group 2'!S20,_xlpm.dp,IF('Input Group 2'!$E20="",3,'Input Group 2'!$E20),_xlpm.xr,ROUND(_xlpm.x,_xlpm.dp),_xlpm.lo,ROUND(_xlpm.ref-_xlpm.D,_xlpm.dp),_xlpm.hi,ROUND(_xlpm.ref+_xlpm.D,_xlpm.dp),IF(_xlpm.xr>=_xlpm.ref,(_xlpm.xr-_xlpm.ref)/(_xlpm.hi-_xlpm.ref),(_xlpm.xr-_xlpm.ref)/(_xlpm.ref-_xlpm.lo))) -> 0.6557377 | K47: =_xlfn.LET(_xlpm.x,'Input Group 2'!AM20,_xlpm.ref,'Input Group 2'!G20,_xlpm.D,'Input Group 2'!S20,_xlpm.dp,IF('Input Group 2'!$E20="",3,'Input Group 2'!$E20),_xlpm.xr,ROUND(_xlpm.x,_xlpm.dp),_xlpm.lo,ROUND(_xlpm.ref-_xlpm.D,_xlpm.dp),_xlpm.hi,ROUND(_xlpm.ref+_xlpm.D,_xlpm.dp),IF(_xlpm.xr>=_xlpm.ref,(_xlpm.xr-_xlpm.ref)/(_xlpm.hi-_xlpm.ref),(_xlpm.xr-_xlpm.ref)/(_xlpm.ref-_xlpm.lo))) -> 0.090163934
C48: =TRIM('Input Group 2'!B21) -> Testcase2 | D48: ='Input Group 2'!C21 -> n/a | E48: ='Input Group 2'!D21 -> 50000 | F48: LRL | G48: =_xlfn.LET(_xlpm.x,'Input Group 2'!V21,_xlpm.ref,'Input Group 2'!F21,_xlpm.D,'Input Group 2'!O21,_xlpm.dp,IF('Input Group 2'!$E21="",3,'Input Group 2'!$E21),_xlpm.xr,ROUND(_xlpm.x,_xlpm.dp),_xlpm.lo,ROUND(_xlpm.ref-_xlpm.D,_xlpm.dp),_xlpm.hi,ROUND(_xlpm.ref+_xlpm.D,_xlpm.dp),IF(_xlpm.xr>=_xlpm.ref,(_xlpm.xr-_xlpm.ref)/(_xlpm.hi-_xlpm.ref),(_xlpm.xr-_xlpm.ref)/(_xlpm.ref-_xlpm.lo))) -> -1.4107143 | H48: =_xlfn.LET(_xlpm.x,'Input Group 2'!Z21,_xlpm.ref,'Input Group 2'!F21,_xlpm.D,'Input Group 2'!O21,_xlpm.dp,IF('Input Group 2'!$E21="",3,'Input Group 2'!$E21),_xlpm.xr,ROUND(_xlpm.x,_xlpm.dp),_xlpm.lo,ROUND(_xlpm.ref-_xlpm.D,_xlpm.dp),_xlpm.hi,ROUND(_xlpm.ref+_xlpm.D,_xlpm.dp),IF(_xlpm.xr>=_xlpm.ref,(_xlpm.xr-_xlpm.ref)/(_xlpm.hi-_xlpm.ref),(_xlpm.xr-_xlpm.ref)/(_xlpm.ref-_xlpm.lo))) -> -0.73214286 | I48: =_xlfn.LET(_xlpm.x,'Input Group 2'!AD21,_xlpm.ref,'Input Group 2'!F21,_xlpm.D,'Input Group 2'!O21,_xlpm.dp,IF('Input Group 2'!$E21="",3,'Input Group 2'!$E21),_xlpm.xr,ROUND(_xlpm.x,_xlpm.dp),_xlpm.lo,ROUND(_xlpm.ref-_xlpm.D,_xlpm.dp),_xlpm.hi,ROUND(_xlpm.ref+_xlpm.D,_xlpm.dp),IF(_xlpm.xr>=_xlpm.ref,(_xlpm.xr-_xlpm.ref)/(_xlpm.hi-_xlpm.ref),(_xlpm.xr-_xlpm.ref)/(_xlpm.ref-_xlpm.lo))) -> -4.0535714 | J48: =_xlfn.LET(_xlpm.x,'Input Group 2'!AH21,_xlpm.ref,'Input Group 2'!F21,_xlpm.D,'Input Group 2'!O21,_xlpm.dp,IF('Input Group 2'!$E21="",3,'Input Group 2'!$E21),_xlpm.xr,ROUND(_xlpm.x,_xlpm.dp),_xlpm.lo,ROUND(_xlpm.ref-_xlpm.D,_xlpm.dp),_xlpm.hi,ROUND(_xlpm.ref+_xlpm.D,_xlpm.dp),IF(_xlpm.xr>=_xlpm.ref,(_xlpm.xr-_xlpm.ref)/(_xlpm.hi-_xlpm.ref),(_xlpm.xr-_xlpm.ref)/(_xlpm.ref-_xlpm.lo))) -> 0.035714286 | K48: =_xlfn.LET(_xlpm.x,'Input Group 2'!AL21,_xlpm.ref,'Input Group 2'!F21,_xlpm.D,'Input Group 2'!O21,_xlpm.dp,IF('Input Group 2'!$E21="",3,'Input Group 2'!$E21),_xlpm.xr,ROUND(_xlpm.x,_xlpm.dp),_xlpm.lo,ROUND(_xlpm.ref-_xlpm.D,_xlpm.dp),_xlpm.hi,ROUND(_xlpm.ref+_xlpm.D,_xlpm.dp),IF(_xlpm.xr>=_xlpm.ref,(_xlpm.xr-_xlpm.ref)/(_xlpm.hi-_xlpm.ref),(_xlpm.xr-_xlpm.ref)/(_xlpm.ref-_xlpm.lo))) -> -0.089285714
C49: =TRIM('Input Group 2'!B21) -> Testcase2 | D49: ='Input Group 2'!C21 -> n/a | E49: ='Input Group 2'!D21 -> 50000 | F49: URL | G49: =_xlfn.LET(_xlpm.x,'Input Group 2'!W21,_xlpm.ref,'Input Group 2'!G21,_xlpm.D,'Input Group 2'!S21,_xlpm.dp,IF('Input Group 2'!$E21="",3,'Input Group 2'!$E21),_xlpm.xr,ROUND(_xlpm.x,_xlpm.dp),_xlpm.lo,ROUND(_xlpm.ref-_xlpm.D,_xlpm.dp),_xlpm.hi,ROUND(_xlpm.ref+_xlpm.D,_xlpm.dp),IF(_xlpm.xr>=_xlpm.ref,(_xlpm.xr-_xlpm.ref)/(_xlpm.hi-_xlpm.ref),(_xlpm.xr-_xlpm.ref)/(_xlpm.ref-_xlpm.lo))) -> -0.16393443 | H49: =_xlfn.LET(_xlpm.x,'Input Group 2'!AA21,_xlpm.ref,'Input Group 2'!G21,_xlpm.D,'Input Group 2'!S21,_xlpm.dp,IF('Input Group 2'!$E21="",3,'Input Group 2'!$E21),_xlpm.xr,ROUND(_xlpm.x,_xlpm.dp),_xlpm.lo,ROUND(_xlpm.ref-_xlpm.D,_xlpm.dp),_xlpm.hi,ROUND(_xlpm.ref+_xlpm.D,_xlpm.dp),IF(_xlpm.xr>=_xlpm.ref,(_xlpm.xr-_xlpm.ref)/(_xlpm.hi-_xlpm.ref),(_xlpm.xr-_xlpm.ref)/(_xlpm.ref-_xlpm.lo))) -> 0 | I49: =_xlfn.LET(_xlpm.x,'Input Group 2'!AE21,_xlpm.ref,'Input Group 2'!G21,_xlpm.D,'Input Group 2'!S21,_xlpm.dp,IF('Input Group 2'!$E21="",3,'Input Group 2'!$E21),_xlpm.xr,ROUND(_xlpm.x,_xlpm.dp),_xlpm.lo,ROUND(_xlpm.ref-_xlpm.D,_xlpm.dp),_xlpm.hi,ROUND(_xlpm.ref+_xlpm.D,_xlpm.dp),IF(_xlpm.xr>=_xlpm.ref,(_xlpm.xr-_xlpm.ref)/(_xlpm.hi-_xlpm.ref),(_xlpm.xr-_xlpm.ref)/(_xlpm.ref-_xlpm.lo))) -> 3.3606557 | J49: =_xlfn.LET(_xlpm.x,'Input Group 2'!AI21,_xlpm.ref,'Input Group 2'!G21,_xlpm.D,'Input Group 2'!S21,_xlpm.dp,IF('Input Group 2'!$E21="",3,'Input Group 2'!$E21),_xlpm.xr,ROUND(_xlpm.x,_xlpm.dp),_xlpm.lo,ROUND(_xlpm.ref-_xlpm.D,_xlpm.dp),_xlpm.hi,ROUND(_xlpm.ref+_xlpm.D,_xlpm.dp),IF(_xlpm.xr>=_xlpm.ref,(_xlpm.xr-_xlpm.ref)/(_xlpm.hi-_xlpm.ref),(_xlpm.xr-_xlpm.ref)/(_xlpm.ref-_xlpm.lo))) -> 0.90163934 | K49: =_xlfn.LET(_xlpm.x,'Input Group 2'!AM21,_xlpm.ref,'Input Group 2'!G21,_xlpm.D,'Input Group 2'!S21,_xlpm.dp,IF('Input Group 2'!$E21="",3,'Input Group 2'!$E21),_xlpm.xr,ROUND(_xlpm.x,_xlpm.dp),_xlpm.lo,ROUND(_xlpm.ref-_xlpm.D,_xlpm.dp),_xlpm.hi,ROUND(_xlpm.ref+_xlpm.D,_xlpm.dp),IF(_xlpm.xr>=_xlpm.ref,(_xlpm.xr-_xlpm.ref)/(_xlpm.hi-_xlpm.ref),(_xlpm.xr-_xlpm.ref)/(_xlpm.ref-_xlpm.lo))) -> 0.32786885
C50: =TRIM('Input Group 2'!B22) -> Testcase4 | D50: ='Input Group 2'!C22 -> n/a | E50: ='Input Group 2'!D22 -> 500 | F50: LRL | G50: =_xlfn.LET(_xlpm.x,'Input Group 2'!V22,_xlpm.ref,'Input Group 2'!F22,_xlpm.D,'Input Group 2'!O22,_xlpm.dp,IF('Input Group 2'!$E22="",3,'Input Group 2'!$E22),_xlpm.xr,ROUND(_xlpm.x,_xlpm.dp),_xlpm.lo,ROUND(_xlpm.ref-_xlpm.D,_xlpm.dp),_xlpm.hi,ROUND(_xlpm.ref+_xlpm.D,_xlpm.dp),IF(_xlpm.xr>=_xlpm.ref,(_xlpm.xr-_xlpm.ref)/(_xlpm.hi-_xlpm.ref),(_xlpm.xr-_xlpm.ref)/(_xlpm.ref-_xlpm.lo))) -> 0 | H50: =_xlfn.LET(_xlpm.x,'Input Group 2'!Z22,_xlpm.ref,'Input Group 2'!F22,_xlpm.D,'Input Group 2'!O22,_xlpm.dp,IF('Input Group 2'!$E22="",3,'Input Group 2'!$E22),_xlpm.xr,ROUND(_xlpm.x,_xlpm.dp),_xlpm.lo,ROUND(_xlpm.ref-_xlpm.D,_xlpm.dp),_xlpm.hi,ROUND(_xlpm.ref+_xlpm.D,_xlpm.dp),IF(_xlpm.xr>=_xlpm.ref,(_xlpm.xr-_xlpm.ref)/(_xlpm.hi-_xlpm.ref),(_xlpm.xr-_xlpm.ref)/(_xlpm.ref-_xlpm.lo))) -> -1 | I50: =_xlfn.LET(_xlpm.x,'Input Group 2'!AD22,_xlpm.ref,'Input Group 2'!F22,_xlpm.D,'Input Group 2'!O22,_xlpm.dp,IF('Input Group 2'!$E22="",3,'Input Group 2'!$E22),_xlpm.xr,ROUND(_xlpm.x,_xlpm.dp),_xlpm.lo,ROUND(_xlpm.ref-_xlpm.D,_xlpm.dp),_xlpm.hi,ROUND(_xlpm.ref+_xlpm.D,_xlpm.dp),IF(_xlpm.xr>=_xlpm.ref,(_xlpm.xr-_xlpm.ref)/(_xlpm.hi-_xlpm.ref),(_xlpm.xr-_xlpm.ref)/(_xlpm.ref-_xlpm.lo))) -> -1 | J50: =_xlfn.LET(_xlpm.x,'Input Group 2'!AH22,_xlpm.ref,'Input Group 2'!F22,_xlpm.D,'Input Group 2'!O22,_xlpm.dp,IF('Input Group 2'!$E22="",3,'Input Group 2'!$E22),_xlpm.xr,ROUND(_xlpm.x,_xlpm.dp),_xlpm.lo,ROUND(_xlpm.ref-_xlpm.D,_xlpm.dp),_xlpm.hi,ROUND(_xlpm.ref+_xlpm.D,_xlpm.dp),IF(_xlpm.xr>=_xlpm.ref,(_xlpm.xr-_xlpm.ref)/(_xlpm.hi-_xlpm.ref),(_xlpm.xr-_xlpm.ref)/(_xlpm.ref-_xlpm.lo))) -> 0 | K50: =_xlfn.LET(_xlpm.x,'Input Group 2'!AL22,_xlpm.ref,'Input Group 2'!F22,_xlpm.D,'Input Group 2'!O22,_xlpm.dp,IF('Input Group 2'!$E22="",3,'Input Group 2'!$E22),_xlpm.xr,ROUND(_xlpm.x,_xlpm.dp),_xlpm.lo,ROUND(_xlpm.ref-_xlpm.D,_xlpm.dp),_xlpm.hi,ROUND(_xlpm.ref+_xlpm.D,_xlpm.dp),IF(_xlpm.xr>=_xlpm.ref,(_xlpm.xr-_xlpm.ref)/(_xlpm.hi-_xlpm.ref),(_xlpm.xr-_xlpm.ref)/(_xlpm.ref-_xlpm.lo))) -> -2
C51: =TRIM('Input Group 2'!B22) -> Testcase4 | D51: ='Input Group 2'!C22 -> n/a | E51: ='Input Group 2'!D22 -> 500 | F51: URL | G51: =_xlfn.LET(_xlpm.x,'Input Group 2'!W22,_xlpm.ref,'Input Group 2'!G22,_xlpm.D,'Input Group 2'!S22,_xlpm.dp,IF('Input Group 2'!$E22="",3,'Input Group 2'!$E22),_xlpm.xr,ROUND(_xlpm.x,_xlpm.dp),_xlpm.lo,ROUND(_xlpm.ref-_xlpm.D,_xlpm.dp),_xlpm.hi,ROUND(_xlpm.ref+_xlpm.D,_xlpm.dp),IF(_xlpm.xr>=_xlpm.ref,(_xlpm.xr-_xlpm.ref)/(_xlpm.hi-_xlpm.ref),(_xlpm.xr-_xlpm.ref)/(_xlpm.ref-_xlpm.lo))) -> -0.2 | H51: =_xlfn.LET(_xlpm.x,'Input Group 2'!AA22,_xlpm.ref,'Input Group 2'!G22,_xlpm.D,'Input Group 2'!S22,_xlpm.dp,IF('Input Group 2'!$E22="",3,'Input Group 2'!$E22),_xlpm.xr,ROUND(_xlpm.x,_xlpm.dp),_xlpm.lo,ROUND(_xlpm.ref-_xlpm.D,_xlpm.dp),_xlpm.hi,ROUND(_xlpm.ref+_xlpm.D,_xlpm.dp),IF(_xlpm.xr>=_xlpm.ref,(_xlpm.xr-_xlpm.ref)/(_xlpm.hi-_xlpm.ref),(_xlpm.xr-_xlpm.ref)/(_xlpm.ref-_xlpm.lo))) -> -1 | I51: =_xlfn.LET(_xlpm.x,'Input Group 2'!AE22,_xlpm.ref,'Input Group 2'!G22,_xlpm.D,'Input Group 2'!S22,_xlpm.dp,IF('Input Group 2'!$E22="",3,'Input Group 2'!$E22),_xlpm.xr,ROUND(_xlpm.x,_xlpm.dp),_xlpm.lo,ROUND(_xlpm.ref-_xlpm.D,_xlpm.dp),_xlpm.hi,ROUND(_xlpm.ref+_xlpm.D,_xlpm.dp),IF(_xlpm.xr>=_xlpm.ref,(_xlpm.xr-_xlpm.ref)/(_xlpm.hi-_xlpm.ref),(_xlpm.xr-_xlpm.ref)/(_xlpm.ref-_xlpm.lo))) -> -0.8 | J51: =_xlfn.LET(_xlpm.x,'Input Group 2'!AI22,_xlpm.ref,'Input Group 2'!G22,_xlpm.D,'Input Group 2'!S22,_xlpm.dp,IF('Input Group 2'!$E22="",3,'Input Group 2'!$E22),_xlpm.xr,ROUND(_xlpm.x,_xlpm.dp),_xlpm.lo,ROUND(_xlpm.ref-_xlpm.D,_xlpm.dp),_xlpm.hi,ROUND(_xlpm.ref+_xlpm.D,_xlpm.dp),IF(_xlpm.xr>=_xlpm.ref,(_xlpm.xr-_xlpm.ref)/(_xlpm.hi-_xlpm.ref),(_xlpm.xr-_xlpm.ref)/(_xlpm.ref-_xlpm.lo))) -> -0.2 | K51: =_xlfn.LET(_xlpm.x,'Input Group 2'!AM22,_xlpm.ref,'Input Group 2'!G22,_xlpm.D,'Input Group 2'!S22,_xlpm.dp,IF('Input Group 2'!$E22="",3,'Input Group 2'!$E22),_xlpm.xr,ROUND(_xlpm.x,_xlpm.dp),_xlpm.lo,ROUND(_xlpm.ref-_xlpm.D,_xlpm.dp),_xlpm.hi,ROUND(_xlpm.ref+_xlpm.D,_xlpm.dp),IF(_xlpm.xr>=_xlpm.ref,(_xlpm.xr-_xlpm.ref)/(_xlpm.hi-_xlpm.ref),(_xlpm.xr-_xlpm.ref)/(_xlpm.ref-_xlpm.lo))) -> 0
